semana,novas_contas,receita_mil,impressoes_google_search,impressoes_meta,impressoes_tiktok,impressoes_youtube,impressoes_afiliados,impressoes_display_programatico,gasto_google_search,gasto_meta,gasto_tiktok,gasto_youtube,gasto_afiliados,gasto_display_programatico,desconto_medio_pct,desemprego_pct,ipca_12m_pct,n_feriados_nacionais,black_friday
2023-01-02,6800,2349.0,1711988,4420392,3855630,3359747,1493365,5418005,79.03,118.58,62.97,74.65,51.43,44.6,0.0,8.79,5.18,0,0
2023-01-09,9220,3329.7,2437422,6704738,4773064,3493034,2028969,5221318,97.71,160.22,74.69,74.0,72.87,47.42,11.43,8.81,5.18,0,0
2023-01-16,8094,2926.2,1777002,4711684,2489833,3762678,1549191,5673217,83.33,121.61,47.49,81.55,58.55,46.01,0.0,8.8,5.14,0,0
2023-01-23,8663,2943.1,2605715,4725855,3075862,3750308,2250886,5055232,110.76,118.93,52.29,81.5,84.52,44.93,2.14,8.83,5.16,0,0
2023-01-30,7746,3031.0,1746657,6084195,2436621,3654223,1002004,4104887,72.27,149.23,42.79,77.12,35.18,40.01,0.0,8.85,5.25,0,0
2023-02-06,7351,2857.4,1560506,3884932,3462780,3846149,1321850,4686541,70.2,101.57,57.54,87.39,40.23,37.73,0.0,8.87,5.3,0,0
2023-02-13,7707,3081.3,2041641,4502797,3315661,2340304,1150122,4314740,92.69,137.04,55.05,52.43,41.68,36.1,0.0,8.87,5.32,0,0
2023-02-20,7063,2413.9,2077061,3967119,3226113,637919,1451748,5917208,90.06,111.28,57.73,14.02,44.68,50.28,2.86,8.89,5.36,2,0
2023-02-27,8950,3004.2,2559799,4697846,2449373,1127007,1289958,4571258,121.7,142.86,42.42,24.29,49.56,41.2,7.14,8.91,5.35,0,0
2023-03-06,8451,2860.7,2194747,3499152,2642229,843774,1359905,3443529,91.65,101.0,48.93,19.58,48.36,30.49,0.0,8.91,5.38,0,0
2023-03-13,8248,2722.2,2388565,4558836,4077162,937975,1110194,1572241,105.57,134.64,75.89,20.48,41.52,15.49,0.0,8.91,5.41,0,0
2023-03-20,8732,3052.4,1786515,6097049,3014489,948261,1664376,1638408,78.17,162.87,55.71,20.63,55.57,15.72,0.0,8.91,5.44,0,0
2023-03-27,9223,3035.2,2318466,4744873,4062107,1263335,1833579,1827388,104.84,138.15,74.74,28.18,58.92,17.07,2.86,8.89,5.49,0,0
2023-04-03,8596,3061.4,2474507,498288,3084944,1359266,2004040,2077625,114.18,14.7,61.55,33.38,71.84,19.02,6.43,8.88,5.53,1,0
2023-04-10,8176,3284.2,2016389,412942,5438717,1359886,1852674,1623004,86.18,11.27,92.65,27.85,65.29,15.09,2.86,8.86,5.58,0,0
2023-04-17,8318,2767.0,1721337,456132,3881342,1056552,1953349,2153996,81.68,13.33,70.3,24.58,67.02,18.59,2.86,8.85,5.59,1,0
2023-04-24,9121,3145.3,3145717,417948,4578899,1041603,1854512,5843102,143.55,12.23,89.12,20.66,65.91,55.93,7.86,8.85,5.64,0,0
2023-05-01,8752,3019.6,2834556,1196117,6328946,421212,2388887,5865513,115.11,32.76,124.24,9.49,99.79,49.92,6.43,8.81,5.71,1,0
2023-05-08,8794,3222.8,2481335,1495356,1761452,414415,1879387,5299096,100.43,39.59,29.45,10.14,69.95,50.72,5.71,8.78,5.71,0,0
2023-05-15,7830,2840.2,2171108,1520692,988024,331849,1058784,6572307,98.82,40.14,17.67,7.61,39.95,64.29,0.0,8.78,5.72,0,0
2023-05-22,7666,2835.5,2746713,1846803,850797,257675,1254287,3552543,123.54,52.65,16.83,5.8,46.77,32.8,0.0,8.74,5.78,0,0
2023-05-29,7784,2898.1,1478088,988819,940424,356437,1058176,5441850,66.99,28.62,17.69,7.68,41.02,49.11,0.0,8.69,5.8,0,0
2023-06-05,7032,2661.5,1693856,1521222,1113347,355643,1604442,3550089,77.17,41.19,20.56,7.95,56.3,33.19,0.0,8.66,5.86,1,0
2023-06-12,8399,2539.8,1846695,1166743,696590,409498,1747068,24814,85.48,33.2,12.56,9.0,54.85,0.19,0.0,8.63,5.87,0,0
2023-06-19,7646,2736.7,2708060,4440481,665800,271975,1463171,19299,130.98,130.64,11.89,5.8,51.41,0.18,0.0,8.59,5.93,0,0
2023-06-26,8373,3384.7,2721767,5401437,981983,4298289,2364436,16142,116.42,159.47,18.27,94.42,88.28,0.15,2.86,8.57,5.96,0,0
2023-07-03,8618,3225.7,2688095,4308413,688150,4485458,1823814,22638,114.63,134.61,12.4,101.53,61.23,0.21,0.0,8.54,5.98,0,0
2023-07-10,8972,3086.7,1885457,4389399,1042426,4170366,1783553,4312461,80.83,134.99,19.04,89.14,62.84,41.19,0.0,8.51,6.04,0,0
2023-07-17,8314,3115.1,1728544,4548732,690057,3357598,1354689,3291250,80.57,122.09,12.7,71.64,46.3,30.02,0.0,8.48,6.05,0,0
2023-07-24,8561,3180.0,2145542,3212173,971216,4533821,1163046,5903380,105.97,101.35,17.1,93.64,45.37,50.54,0.0,8.47,6.05,0,0
2023-07-31,7765,3201.2,2190942,3539933,691855,829050,1452298,6130368,97.92,97.86,13.1,19.03,54.19,55.76,0.0,8.42,6.06,0,0
2023-08-07,8570,3012.5,2682002,4733762,3479861,744271,1481811,6051858,105.93,143.93,76.09,17.25,55.0,55.77,0.0,8.35,6.09,0,0
2023-08-14,8481,3060.5,2385879,4523852,3625977,827441,1097686,5245302,98.92,129.79,59.87,18.84,40.7,48.51,2.14,8.33,6.07,0,0
2023-08-21,8507,3233.9,2608990,4657543,3308925,769731,1635948,5238305,114.04,129.92,62.01,18.32,58.34,48.61,4.29,8.29,6.1,0,0
2023-08-28,9171,3176.4,2482243,5581013,4421246,1096259,1651105,6187005,110.38,143.26,77.69,24.77,59.75,60.56,4.29,8.25,6.1,0,0
2023-09-04,8314,3159.0,2899704,6144940,4731434,739567,1814880,7897972,130.18,174.12,90.15,17.03,60.49,68.09,6.43,8.23,6.14,1,0
2023-09-11,8148,2856.2,2277518,4798523,3304939,631309,1388805,5323589,105.1,125.18,61.03,14.47,43.62,49.54,0.0,8.17,6.1,0,0
2023-09-18,8291,2995.9,1638191,3866991,2718358,858054,1382469,3736314,74.07,117.47,52.43,19.22,49.98,37.19,2.86,8.12,6.09,0,0
2023-09-25,7712,2938.4,1209142,4707916,2346275,923503,1309485,431449,59.36,147.9,46.42,20.16,47.87,3.58,0.0,8.07,6.06,0,0
2023-10-02,8211,2913.6,2381332,5703003,2433135,505295,1289302,397251,105.47,156.03,45.41,13.01,49.73,3.7,0.0,8.03,6.05,0,0
2023-10-09,8494,2901.9,3036365,5355764,2637580,747794,1687489,338314,133.07,156.62,52.12,16.42,66.57,3.02,6.43,8.01,6.06,1,0
2023-10-16,8465,2835.8,1632214,5383318,3949436,577658,1594028,436400,77.58,148.11,63.39,12.53,62.91,3.94,2.14,8.0,6.07,0,0
2023-10-23,7961,2639.1,1458861,5174225,3449378,723116,1337382,574308,61.48,143.27,70.14,16.77,45.27,5.03,0.0,7.99,6.07,0,0
2023-10-30,7847,2631.4,1931605,4869517,3157604,620756,1305338,427827,91.43,146.77,59.73,14.25,45.96,3.92,1.43,7.95,6.07,1,0
2023-11-06,8492,3157.9,2350372,4797842,2080184,805677,1501796,1761334,109.42,137.81,41.07,16.75,55.63,18.2,0.0,7.9,6.08,0,0
2023-11-13,8025,2818.2,2779414,938220,3453913,901330,1365324,1676609,127.55,30.0,59.45,21.82,57.23,14.39,0.0,7.89,6.05,1,0
2023-11-20,12961,3977.0,5120921,2721680,8732619,1974813,3102670,4099441,260.96,76.22,153.95,44.47,122.18,35.41,30.0,7.88,6.07,0,1
2023-11-27,12709,4044.3,4981221,1860508,1671539,2455034,3950674,1477279,222.45,56.98,31.27,52.05,152.33,12.67,30.0,7.88,6.09,0,1
2023-12-04,8836,3187.9,1937601,1362330,446882,975531,2245555,498348,101.7,39.55,8.28,23.76,79.15,5.13,9.29,7.89,6.1,0,0
2023-12-11,8431,3014.9,2571638,887135,522892,1181753,2406033,544124,117.76,26.87,9.87,27.84,82.37,4.91,8.57,7.9,6.11,0,0
2023-12-18,7193,2814.9,1987411,811363,557681,980275,1822794,607598,85.49,22.83,11.06,20.63,69.03,5.63,0.0,7.91,6.11,0,0
2023-12-25,6743,2581.6,1620341,1162111,530690,665622,1275268,636951,75.62,33.5,8.87,16.82,43.15,5.78,0.0,7.92,6.16,1,0
2024-01-01,6747,2627.6,3024558,1077521,461327,785159,1424399,431661,131.85,30.96,9.1,18.57,50.78,3.79,1.43,7.94,6.15,1,0
2024-01-08,7416,2929.0,2713062,5538243,432462,107036,1355386,5045510,120.67,152.49,8.05,2.43,48.71,46.29,0.0,7.94,6.14,0,0
2024-01-15,7584,2904.5,2391548,3914892,489751,91808,1273251,3768339,114.03,118.01,9.01,2.3,50.73,40.67,1.43,7.95,6.11,0,0
2024-01-22,7081,2577.5,1572175,3213203,550480,69656,1245442,4169086,75.72,96.85,9.39,1.6,44.18,42.23,0.0,7.96,6.08,0,0
2024-01-29,8648,2839.7,2892575,4731119,457616,148593,1511942,6070476,129.9,142.2,8.79,3.38,47.35,53.77,6.43,7.99,6.04,0,0
2024-02-05,7491,2658.1,1968305,3704588,575470,87906,1311574,4758443,97.41,117.91,9.29,1.93,49.04,46.15,0.0,7.99,6.01,0,0
2024-02-12,6333,2306.1,1904677,3756554,323457,129547,1222955,4470021,95.29,119.01,6.28,3.06,42.57,39.7,0.0,8.01,6.0,2,0
2024-02-19,7978,2636.1,2194388,5133773,1008183,123160,1382081,6086424,111.71,145.86,17.22,2.89,50.33,51.1,0.0,8.02,5.99,0,0
2024-02-26,7668,2739.2,2318010,586769,999449,123966,1328313,4716838,111.82,17.45,18.74,2.83,48.03,46.87,2.86,8.03,5.98,0,0
2024-03-04,7365,2773.1,2170953,684363,845660,122740,1228484,4782794,110.17,19.18,15.7,2.68,43.95,47.95,0.0,8.05,5.95,0,0
2024-03-11,8117,2775.4,2620119,523381,1051946,110047,1482915,3748988,109.51,15.26,21.12,2.54,56.59,37.35,0.0,8.03,5.95,0,0
2024-03-18,7802,2877.6,2287896,712083,1035668,672171,1698731,7116914,105.09,20.01,19.19,15.32,56.42,64.79,0.0,8.02,5.96,0,0
2024-03-25,7231,2913.6,1798511,641161,1098449,669300,354661,5749263,79.98,20.6,19.74,14.15,12.53,53.33,2.86,8.0,5.94,1,0
2024-04-01,8441,3177.1,2508240,4558688,221186,795817,465903,6010719,118.42,135.9,4.02,16.7,17.7,58.94,4.29,7.97,5.9,0,0
2024-04-08,8317,3385.3,2037285,4527717,151856,690530,312337,3535978,92.34,130.42,3.08,16.38,10.98,33.96,0.0,7.96,5.9,0,0
2024-04-15,8160,3095.1,2076789,4995792,244137,767538,409505,5079761,96.5,156.72,4.73,15.07,13.57,46.57,5.0,7.97,5.88,1,0
2024-04-22,7999,3182.2,2671660,5137942,168950,1031535,230145,1639674,140.47,131.8,3.1,23.98,8.75,13.97,0.0,7.96,5.82,0,0
2024-04-29,8207,3121.4,3065926,7394783,235537,974365,216979,1252806,142.61,191.6,4.36,21.75,8.48,11.85,0.0,7.95,5.8,1,0
2024-05-06,8493,3332.1,2783223,4483692,182312,900380,609252,799465,134.15,137.59,3.12,22.39,22.22,8.02,0.0,7.95,5.78,0,0
2024-05-13,9972,3556.0,2992355,5759189,228497,1103037,549197,1967107,138.84,169.21,4.4,24.63,17.87,17.23,7.14,7.96,5.74,0,0
2024-05-20,8561,3609.4,2852464,3251724,205070,1300563,365107,1056580,134.9,96.69,3.47,31.14,13.95,10.34,0.0,7.94,5.72,0,0
2024-05-27,7624,3088.5,2253245,4442997,1553362,1684327,504700,1531638,106.18,120.26,30.62,37.88,16.74,14.72,0.0,7.94,5.66,1,0
2024-06-03,10317,3888.9,3145602,6376263,1867455,2111755,615531,1057378,152.31,186.74,35.48,49.0,22.99,10.43,10.71,7.92,5.67,0,0
2024-06-10,9688,3472.2,1851614,4060382,1147875,835294,443387,858593,93.65,134.38,24.99,20.13,15.42,8.53,2.14,7.88,5.67,0,0
2024-06-17,9485,3216.9,2177350,5852620,1488415,1268524,464534,1040378,113.43,180.57,26.3,28.47,15.9,9.42,0.0,7.84,5.64,0,0
2024-06-24,9459,3500.4,2211184,4588278,873315,1312002,583990,753456,106.37,136.19,16.39,32.16,20.89,6.46,0.0,7.78,5.62,0,0
2024-07-01,8733,3553.7,1692005,6148252,1123606,1048430,1384323,690233,82.83,176.06,23.66,22.82,50.32,6.32,0.0,7.74,5.53,0,0
2024-07-08,9448,3285.9,2337261,4884490,1603623,1065944,1271838,726612,103.13,140.33,32.57,25.08,45.0,7.25,0.0,7.7,5.47,0,0
2024-07-15,8949,3371.5,2164896,5355071,1273920,696843,1784830,944663,101.88,138.73,23.12,17.03,68.03,8.65,0.0,7.67,5.44,0,0
2024-07-22,9341,3181.6,2828999,4497301,1181303,1056881,1736175,640872,141.69,134.53,22.67,25.45,62.23,5.82,0.0,7.65,5.38,0,0
2024-07-29,9322,3348.1,2822857,5159521,1525535,734804,1524661,1004679,140.84,159.97,28.91,19.09,59.57,8.53,5.0,7.59,5.37,0,0
2024-08-05,9971,3791.3,2749002,8916778,1752807,1189034,1467766,1393570,131.95,239.23,33.8,26.32,55.03,14.67,8.57,7.56,5.39,0,0
2024-08-12,9313,3386.0,2457479,3639452,985080,801554,1614276,1016477,122.91,103.21,17.92,17.11,57.1,10.13,5.0,7.5,5.33,0,0
2024-08-19,9120,3117.1,2032261,3326585,842173,958426,1546932,4105591,99.32,91.63,15.9,20.95,54.2,40.81,0.0,7.46,5.28,0,0
2024-08-26,9398,3333.2,1841155,4225874,3909842,935427,1995978,3080691,93.95,117.82,67.47,22.59,66.77,31.0,0.0,7.42,5.25,0,0
2024-09-02,9078,3146.3,1851217,4901729,3327037,760880,1333145,4348064,89.49,145.37,63.74,18.21,50.13,42.77,3.57,7.35,5.26,1,0
2024-09-09,8763,3227.1,1992571,5510726,4117567,640196,1440316,4513526,92.72,143.84,80.44,14.97,52.13,42.29,0.0,7.32,5.19,0,0
2024-09-16,8989,3333.5,1697613,4455372,3162651,566936,1842377,5256538,82.39,136.82,59.36,12.33,59.12,49.52,0.0,7.27,5.17,0,0
2024-09-23,8725,3167.9,2008843,4033056,147059,3492614,1013918,4187567,80.2,124.97,2.54,85.1,36.35,38.85,2.14,7.22,5.18,0,0
2024-09-30,10096,3442.6,2611012,6368253,163777,4294450,2213030,6230409,127.24,185.89,3.31,92.91,77.66,69.51,7.14,7.17,5.11,0,0
2024-10-07,8631,3173.7,2563390,5745495,102571,2462347,1008178,3647096,98.14,146.8,2.0,61.5,41.07,35.94,0.0,7.12,5.04,1,0
2024-10-14,9426,3534.7,1804717,5278589,255868,3730482,1885244,4535714,77.6,147.52,4.67,103.23,63.13,42.07,5.0,7.09,5.0,0,0
2024-10-21,8916,3601.7,2074202,5156252,243796,3573769,1773895,6209422,101.68,164.83,4.58,85.21,60.37,60.93,4.29,7.06,4.95,0,0
2024-10-28,7789,3117.3,2404180,5498802,238629,630355,1679993,5072618,118.11,138.26,4.16,15.24,66.68,45.58,2.86,7.04,4.94,1,0
2024-11-04,8550,3558.8,2634077,4015057,298416,724979,1476117,3732207,117.35,116.88,5.36,16.44,59.49,39.03,0.0,7.02,4.91,0,0
2024-11-11,9469,3234.8,2539917,5276705,4321414,1047823,985180,4549433,116.33,146.21,80.0,21.97,35.02,41.8,0.0,7.01,4.83,1,0
2024-11-18,9970,3859.3,2499227,5612442,4045722,1192931,1735685,107030,129.78,175.28,83.32,26.9,62.16,1.06,9.29,6.99,4.81,1,0
2024-11-25,13667,4413.2,4604658,11623428,6141602,2080932,3675044,204078,214.05,332.37,113.14,45.6,141.94,2.08,30.0,6.95,4.77,0,1
2024-12-02,9975,3596.6,1408684,5340564,769185,914908,1553257,53016,77.17,163.03,15.31,19.64,50.31,0.52,0.0,6.95,4.77,0,0
2024-12-09,9356,3197.4,2089662,2616699,818488,550496,1709204,62176,100.11,80.7,15.19,14.3,56.97,0.6,0.0,6.94,4.72,0,0
2024-12-16,8747,3497.4,2059954,2931983,749980,747413,1650954,64257,101.21,97.65,14.6,17.81,60.53,0.62,0.0,6.95,4.67,0,0
2024-12-23,8400,3292.7,2268331,3472870,871159,3617963,1439640,53443,119.9,102.41,16.57,86.81,58.95,0.51,0.0,6.95,4.65,1,0
2024-12-30,8464,3134.4,2413848,3916811,560804,3397008,1408027,65633,116.78,119.65,11.35,78.25,51.21,0.61,0.0,6.94,4.64,1,0
2025-01-06,9226,3392.8,2284649,4929743,1192581,4377443,1121878,1154145,103.32,134.76,22.19,101.73,42.16,10.79,4.29,6.95,4.62,0,0
2025-01-13,9407,3485.7,1550345,2930719,2969316,2872943,1184552,1102822,74.02,94.12,51.94,71.52,47.39,11.58,0.0,6.98,4.55,0,0
2025-01-20,10449,3913.0,2363255,4691651,5175548,4987264,1694527,1591617,113.4,134.12,91.63,117.02,71.92,15.21,7.86,7.02,4.53,0,0
2025-01-27,10177,3642.7,2564823,4313445,2886137,745092,1380936,1143796,113.7,124.87,53.8,18.09,49.92,10.5,4.29,7.02,4.47,0,0
2025-02-03,9619,3393.8,1849509,6307607,2869870,346446,1513027,955014,87.69,188.7,51.28,8.06,56.6,8.92,0.0,7.04,4.45,0,0
2025-02-10,8939,3487.7,1802643,6227470,4087374,741473,1442617,1028245,83.06,169.96,80.72,17.11,60.3,10.58,0.0,7.06,4.39,0,0
2025-02-17,9582,3444.0,1919023,3804017,3169483,2215408,1551860,726462,97.78,115.67,59.43,47.98,53.1,7.29,0.0,7.06,4.37,0,0
2025-02-24,9465,3409.7,2065744,4292747,3810708,4153257,287605,1056707,99.84,136.53,84.77,86.97,11.47,10.54,4.29,7.08,4.32,0,0
2025-03-03,7858,3236.6,1900769,3582461,4039348,4647996,413985,907114,90.19,109.48,70.25,107.96,14.62,8.62,0.0,7.09,4.26,2,0
2025-03-10,9422,3848.2,2485855,3904754,3773110,1346037,763562,4211415,119.28,106.65,73.77,31.88,28.85,42.1,2.86,7.11,4.25,0,0
2025-03-17,10512,4150.9,2370431,5459450,5887396,1312002,1696430,5021399,116.08,162.92,106.34,28.69,62.83,46.69,5.71,7.11,4.23,0,0
2025-03-24,10461,4054.7,2180432,3708390,3562363,1091192,1146204,6341707,109.39,116.63,66.88,25.74,40.69,60.37,0.0,7.09,4.19,0,0
2025-03-31,10711,4020.3,2565099,5432416,2758385,1688664,2176452,4687977,116.86,146.09,53.83,40.07,77.2,48.07,1.43,7.07,4.2,0,0
2025-04-07,10565,3889.3,2012662,3977482,3849044,1144573,1634614,6575659,91.52,112.31,64.82,23.8,62.57,67.09,1.43,7.07,4.17,0,0
2025-04-14,11093,3848.5,2106765,4351192,4454382,365789,2015248,5275247,109.03,138.21,87.53,8.2,80.59,48.18,2.86,7.07,4.15,1,0
2025-04-21,9795,3601.4,2976849,4855017,3579304,249347,1696369,5526649,140.74,148.79,77.78,6.05,63.44,50.89,0.0,7.07,4.13,1,0
2025-04-28,10380,3680.7,2196990,5554405,3213026,225714,1921514,8447911,97.85,171.78,60.65,5.48,72.77,82.46,2.86,7.1,4.09,1,0
2025-05-05,10485,3606.6,1507616,4682685,3264191,251713,1669886,3753792,75.12,158.06,64.35,5.57,65.21,40.4,0.0,7.12,4.08,0,0
2025-05-12,9777,3468.5,1582124,3736096,101771,215933,1952431,4029077,78.97,116.08,2.1,5.17,69.55,34.87,0.0,7.1,4.05,0,0
2025-05-19,10419,3795.7,2705657,5898937,122675,976,2527790,6764280,119.9,185.48,2.36,0.02,99.84,66.82,2.14,7.1,4.02,0,0
2025-05-26,9734,3752.4,2495723,3967910,107469,991,2037922,5233221,122.99,141.2,2.02,0.02,80.92,46.84,2.86,7.09,4.04,0,0
2025-06-02,10315,3720.0,2136512,5547583,123365,609,1048467,5245235,108.6,165.74,2.09,0.01,46.37,49.11,0.0,7.08,4.0,0,0
2025-06-09,10597,3968.4,3482305,6421820,127641,990,2266182,5850409,173.31,185.36,2.58,0.02,83.86,55.71,7.14,7.07,3.92,0,0
2025-06-16,10737,3622.8,1663447,4556903,170855,898,2520356,6685415,84.13,141.65,3.31,0.02,92.86,63.48,6.43,7.06,3.95,1,0
2025-06-23,9992,3786.2,2640560,4456447,146804,1357840,1914282,4370624,118.26,138.7,2.69,33.26,75.97,41.25,0.0,7.03,3.99,0,0
2025-06-30,10431,3745.5,2918795,5309421,114819,852925,1415619,4833933,145.15,156.04,2.26,20.57,56.38,47.15,0.0,7.03,3.97,0,0
2025-07-07,10057,3817.0,1856121,5684539,1188810,1404941,2031258,5556243,88.91,162.17,22.4,34.79,74.63,52.49,0.0,6.99,3.91,0,0
2025-07-14,11238,3947.6,2787534,5273670,1693189,1399781,2507450,5866830,132.17,183.97,32.02,33.67,92.91,52.46,8.57,6.96,3.89,0,0
2025-07-21,10090,3838.6,1820612,6081042,1008771,615401,2413407,4106729,93.68,188.45,20.44,15.43,94.7,42.03,0.0,6.97,3.88,0,0
2025-07-28,10120,3901.7,1956396,6741430,1221260,801816,60042,5011070,104.47,196.16,22.03,19.26,2.17,51.24,4.29,6.94,3.87,0,0
2025-08-04,9635,3580.5,1963967,4492200,1014549,694786,56498,3788941,106.94,144.39,21.13,17.41,2.1,38.97,2.14,6.92,3.83,0,0
2025-08-11,9403,3725.7,2806874,5799219,1024546,642877,57575,5306345,148.59,175.38,18.44,16.2,2.2,47.34,2.86,6.89,3.84,0,0
2025-08-18,9317,3542.5,2950617,6488923,799059,815387,47288,4695745,143.49,194.67,15.04,18.59,1.91,46.81,0.0,6.86,3.85,0,0
2025-08-25,9877,3725.3,2510001,8030174,1123391,882713,62648,1753194,125.57,253.13,24.7,18.96,2.3,17.89,8.57,6.81,3.81,0,0
2025-09-01,9400,3244.6,2767692,3817994,985567,758297,36377,1501009,142.03,107.75,20.67,19.93,1.24,13.83,0.0,6.77,3.82,1,0
2025-09-08,8659,3616.5,2030758,3609186,284109,1119429,54904,1458115,100.31,112.48,5.61,27.25,1.87,14.31,0.0,6.72,3.87,0,0
2025-09-15,9958,3691.1,2733196,5014337,399504,963957,1654055,1295111,135.17,171.71,7.41,20.86,58.53,12.62,0.0,6.68,3.87,0,0
2025-09-22,9067,3522.1,1859319,3421600,368785,1084537,1404902,1451058,95.91,107.49,7.02,24.94,49.58,15.91,0.0,6.62,3.86,0,0
2025-09-29,9682,3809.8,2019678,3395483,3468393,954205,2007648,1633620,98.86,101.47,68.45,24.0,76.0,18.01,0.0,6.59,3.86,0,0
2025-10-06,9546,3561.5,2674164,4850809,3976251,1247747,1842940,1754823,125.82,143.91,78.36,29.49,65.61,15.61,6.43,6.56,3.88,1,0
2025-10-13,9988,4174.9,3504513,4569440,2488349,1707739,1813154,4027707,168.13,136.44,48.69,39.82,66.5,46.01,0.0,6.53,3.84,0,0
2025-10-20,10700,3749.9,2644642,5034355,3135487,454448,1848487,5299589,135.19,151.82,61.61,11.89,67.54,49.37,6.43,6.48,3.85,0,0
2025-10-27,9729,3367.5,1673811,3707275,3227070,439324,1618180,4254789,82.43,111.04,62.75,9.93,60.36,44.44,0.0,6.45,3.84,1,0
2025-11-03,11742,4016.3,3327395,5124258,6238298,451224,1979063,7927206,167.32,165.97,112.75,10.36,82.1,82.8,10.71,6.41,3.89,0,0
2025-11-10,10193,3571.0,1846404,4290857,189462,373837,1801765,5303582,94.76,118.62,3.62,9.12,71.88,49.26,0.0,6.39,3.9,1,0
2025-11-17,9569,3513.8,376101,4379333,338769,531529,1817419,269281,18.14,141.55,7.06,13.12,69.79,2.74,6.43,6.33,3.95,1,0
2025-11-24,14173,4438.7,946548,17453312,947023,884800,4239330,872936,48.89,523.92,17.22,22.0,158.3,8.56,30.0,6.29,3.93,0,1
2025-12-01,8785,3523.0,310957,990569,260620,459655,1555066,363031,15.71,31.13,5.09,11.72,58.2,3.71,0.0,6.24,3.96,0,0
2025-12-08,10396,3538.5,2254280,1208484,3848353,328929,1323884,4192839,103.44,34.73,72.41,8.04,51.89,42.01,0.0,6.19,3.98,0,0
2025-12-15,9419,3553.5,1837846,817419,2915984,483655,1482885,4945890,99.08,27.23,58.06,12.04,59.06,52.55,0.0,6.19,3.97,0,0
2025-12-22,9017,3262.2,2200461,872284,3355816,481914,2266443,3926703,105.64,28.93,64.88,11.48,82.59,39.03,0.0,6.18,3.99,1,0
