semana,baseline,nivel_tendencia,desemprego_pct,ipca_12m_pct,n_feriados_nacionais,black_friday,sen_1,cos_1,sen_2,cos_2,mes_nov,mes_dez
2023-01-02,4726.805533162016,5817.280460795628,-659.7200788197479,-20.43660655217301,129.7475940735609,-15.973895575390097,31.86220277654212,-527.0694834605773,-29.234862991485844,47.43278999565111,-30.805306714157666,-16.27728036583426
2023-01-09,4728.403205130964,5819.178084191264,-671.17304257402,-20.43660655217301,129.7475940735609,-15.973895575390097,63.218361707671384,-515.6320177995979,-56.742898727098634,43.30021346673906,-30.805306714157666,-16.27728036583426
2023-01-16,4767.582325765094,5821.0757075869005,-665.4465606968845,-7.343749787741722,129.7475940735609,-15.973895575390097,93.65965170030367,-496.75370508434986,-80.97826208130962,36.67813270999591,-30.805306714157666,-16.27728036583426
2023-01-23,4772.592167542998,5822.9733309825415,-682.6260063282916,-13.890178169957503,129.7475940735609,-15.973895575390097,122.74522379155417,-470.707939924047,-100.5421354547075,27.948761227727157,-30.805306714157666,-16.27728036583426
2023-01-30,4769.626547445061,5824.870954378181,-694.078970082564,-43.349105889927856,129.7475940735609,-15.973895575390097,150.05386244507625,-437.8719155506834,-114.30533047955808,17.615941206358343,-30.805306714157666,-16.27728036583426
2023-02-06,4789.484102928963,5826.768577773815,-705.5319338368319,-59.715176845466836,129.7475940735609,-15.973895575390097,175.19008556956933,-398.7211613289409,-121.47346255582424,6.276062734463429,-30.805306714157666,-16.27728036583426
2023-02-13,4840.481829388776,5828.666201169452,-705.5319338368319,-66.26160522768271,129.7475940735609,-15.973895575390097,197.7898718670539,-353.8226561680237,-121.63280117092202,-5.4163586624485935,-30.805306714157666,-16.27728036583426
2023-02-20,3788.966462119243,5830.563824565091,-716.9848975911037,-79.35446199211385,-964.3402262224124,-15.973895575390097,217.52593256780085,-303.8266175666009,-114.77414961276592,-16.786459373269757,-30.805306714157666,-16.27728036583426
2023-02-27,4950.817460947948,5832.461447960728,-728.4378613453753,-76.08124780100582,129.7475940735609,-15.973895575390097,234.1124512069549,-249.45708520141048,-101.29337578593643,-27.177979504185934,-30.805306714157666,-16.27728036583426
2023-03-06,5024.559514024247,5834.359071356365,-728.4378613453753,-85.90089037432935,129.7475940735609,-15.973895575390097,247.3092228016872,-191.50143542744698,-81.9685634933064,-35.99114091152652,-30.805306714157666,-16.27728036583426
2023-03-13,5104.283197637441,5836.256694752003,-728.4378613453753,-95.72053294765293,129.7475940735609,-15.973895575390097,256.92513248556696,-130.79897854011202,-57.91510296629929,-42.71726521886858,-30.805306714157666,-16.27728036583426
2023-03-20,5187.9700655245015,5838.154318147641,-728.4378613453753,-105.5401755209764,129.7475940735609,-15.973895575390097,262.8209232227584,-68.2288039331148,-30.52131273020988,-46.968133734400844,-30.805306714157666,-16.27728036583426
2023-03-27,5278.199368980302,5840.051941543279,-716.9848975911037,-121.90624647651538,129.7475940735609,-15.973895575390097,264.91121252019275,-4.697049177815192,-1.3683085841624476,-48.49839467175188,-30.805306714157666,-16.27728036583426
2023-04-03,4818.0227297191595,5841.949564938917,-711.2584157139695,-134.99910324094654,-417.29631607442525,-15.973895575390097,263.16572893177874,58.87622260753866,27.861255299128775,-47.219724373480915,-30.805306714157666,-16.27728036583426
2023-04-10,5450.822151791771,5843.847188334556,-699.8054519596984,-151.36517419648578,129.7475940735609,-15.973895575390097,257.60975044770333,121.57034705752348,55.48030586920003,-43.20592517920699,-30.805306714157666,-16.27728036583426
2023-04-17,4990.6818445599665,5845.744811730195,-694.078970082564,-154.63838838759355,-417.29631607442525,-15.973895575390097,248.32373842006785,182.47739156647654,79.89472574263144,-36.68866569943939,-30.805306714157666,-16.27728036583426
2023-04-24,5597.058846530567,5847.642435125834,-694.078970082564,-171.00445934313245,129.7475940735609,-15.973895575390097,235.44217232634182,240.71530391484268,99.6953625292045,-28.04410935813784,-30.805306714157666,-16.27728036583426
2023-05-01,5114.657706243023,5849.540058521468,-671.17304257402,-193.91695868088695,-417.29631607442525,-15.973895575390097,219.15160224551715,295.44068609729607,113.73936234173787,-17.7712029782815,-30.805306714157666,-16.27728036583426
2023-05-08,5730.520447853885,5851.437681917106,-653.9935969426142,-193.91695868088695,129.7475940735609,-15.973895575390097,199.68794725088821,345.861008362817,121.21613307906165,-6.462878550665158,-30.805306714157666,-16.27728036583426
2023-05-15,5764.344112191621,5853.335305312745,-653.9935969426142,-197.19017287199472,129.7475940735609,-15.973895575390097,177.33307884397058,391.24608658371193,121.69413021092558,5.228169636698465,-30.805306714157666,-16.27728036583426
2023-05-22,5789.1292302337715,5855.232928708383,-631.087669434072,-216.8294580186419,129.7475940735609,-15.973895575390097,152.41073890807587,430.9386567390128,115.14576468117455,16.62715723166072,-30.805306714157666,-16.27728036583426
2023-05-29,5816.661414083684,5857.13055210402,-602.4552600483927,-223.3758864008574,129.7475940735609,-15.973895575390097,125.28185129748297,464.3638933731799,101.94899529391289,27.0761570461591,-30.805306714157666,-16.27728036583426
2023-06-05,5256.599006944532,5859.028175499658,-585.2758144169862,-243.01517154750505,-417.29631607442525,-15.973895575390097,96.33929495951148,491.0377341843882,82.86551367325536,35.9720733220179,-30.805306714157666,-16.27728036583426
2023-06-12,5791.606492412494,5860.925798895295,-568.0963687855798,-246.28838573861233,129.7475940735609,-15.973895575390097,66.00221428481971,510.5738901861793,58.99678091796454,42.801451234248916,-30.805306714157666,-16.27728036583426
2023-06-19,5754.686376476277,5862.823422290932,-545.1904412770365,-265.9276708852594,129.7475940735609,-15.973895575390097,34.7099490831077,522.6894399217342,31.72045342896859,47.17011249565068,-30.805306714157666,-16.27728036583426
2023-06-26,5703.48873876904,5864.721045686572,-533.7374775227672,-275.7473134585825,129.7475940735609,-15.973895575390097,2.9156720899532322,527.208926715696,2.610867286204863,48.82590655378451,-30.805306714157666,-16.27728036583426
2023-07-03,5650.626167428001,5866.618669082207,-516.5580318913576,-282.293741840798,129.7475940735609,-15.973895575390097,-28.920173853966055,524.0668996273739,-26.651829339533045,47.673264225896155,-30.805306714157666,-16.27728036583426
2023-07-10,5576.268170770756,5868.516292477845,-499.37858625995216,-301.9330269874453,129.7475940735609,-15.973895575390097,-60.336543908884096,513.3088613073954,-54.378651040926364,43.778713764544115,-30.805306714157666,-16.27728036583426
2023-07-17,5512.309567336555,5870.413915873484,-482.1991406285466,-305.20624117855294,129.7475940735609,-15.973895575390097,-90.87846806007211,495.09060903101454,-78.96926009640661,37.367040977455275,-30.805306714157666,-16.27728036583426
2023-07-24,5436.700069451732,5872.311539269124,-476.47265875141176,-305.20624117855294,129.7475940735609,-15.973895575390097,-120.10363996670823,469.6759784511727,-99.00433482202293,28.808315031952326,-30.805306714157666,-16.27728036583426
2023-07-31,5379.693808433649,5874.209162664758,-447.84024936573167,-308.479455369661,129.7475940735609,-15.973895575390097,-147.58882241616786,437.43302274616923,-113.3274900329479,18.59652878905127,-30.805306714157666,-16.27728036583426
2023-08-07,5328.845694363576,5876.106786060398,-407.75487622578277,-318.29909794298374,129.7475940735609,-15.973895575390097,-172.93597662033025,398.82868249526786,-121.11202132639119,7.321086505219266,-30.805306714157666,-16.27728036583426
2023-08-14,5269.0090994637385,5878.004409456035,-396.3019124715119,-311.7526695607687,129.7475940735609,-15.973895575390097,-195.7780265897833,354.42202347284075,-121.90862083692917,-4.367215424323214,-30.805306714157666,-16.27728036583426
2023-08-21,5209.231750796457,5879.902032851673,-373.39598496296856,-321.5723121340919,129.7475940735609,-15.973895575390097,-215.7841751066164,304.8561402908388,-115.67131040451814,-15.793751156038287,-30.805306714157666,-16.27728036583426
2023-08-28,5165.5534480863025,5881.799656247309,-350.49005745442673,-321.5723121340919,129.7475940735609,-15.973895575390097,-232.66469431018103,250.8488431406375,-102.76009534363712,-26.299003477486217,-30.805306714157666,-16.27728036583426
2023-09-04,4557.452543814431,5883.697279642947,-339.03709370015565,-334.66516889852346,-417.29631607442525,-15.973895575390097,-246.17512151884853,193.1822625082491,-83.92018564321798,-35.276629846212614,-30.805306714157666,-16.27728036583426
2023-09-11,5100.159779568087,5885.594903038586,-304.67820243734235,-321.5723121340919,129.7475940735609,-15.973895575390097,-256.11979952411815,132.69152240685048,-60.238983908912424,-42.20845929106351,-30.805306714157666,-16.27728036583426
2023-09-18,5087.9589600884465,5887.492526434223,-276.0457930516635,-318.29909794298374,129.7475940735609,-15.973895575390097,-262.35471008675455,70.25264616016722,-33.08332261923597,-46.694400223484465,-30.805306714157666,-16.27728036583426
2023-09-25,5089.672626319835,5889.390149829864,-247.4133836659869,-308.479455369661,129.7475940735609,-15.973895575390097,-264.78955960041316,6.769869884462527,-4.020573237965847,-48.47553293864288,-30.805306714157666,-16.27728036583426
2023-10-02,5085.861413421409,5891.287773225499,-224.5074561574433,-305.20624117855294,129.7475940735609,-15.973895575390097,-263.38908671831126,-56.837452605462495,25.27181939003848,-47.449053952536886,-30.805306714157666,-16.27728036583426
2023-10-09,4522.905859533836,5893.185396621137,-213.05449240317282,-308.479455369661,-417.29631607442525,-15.973895575390097,-258.1735730059753,-119.64816382389189,53.10315586249959,-43.67420961729293,-30.805306714157666,-16.27728036583426
2023-10-16,5053.220448893278,5895.083020016775,-207.3280105260369,-311.7526695607687,129.7475940735609,-15.973895575390097,-249.2185492247997,-180.75264276247364,77.86706607042352,-37.368876538019336,-30.805306714157666,-16.27728036583426
2023-10-23,5043.635116717666,5896.980643412412,-201.6015286489018,-311.7526695607687,129.7475940735609,-15.973895575390097,-236.65370150002678,-239.2659779679066,98.13422572752515,-28.896986162845582,-30.805306714157666,-16.27728036583426
2023-10-30,4507.062756174028,5898.87826680805,-178.69560114035906,-311.7526695607687,-417.29631607442525,-15.973895575390097,-220.66099321394617,-294.3407827773253,112.73485416230898,-18.74751937412417,-30.805306714157666,-16.27728036583426
2023-11-06,5469.515364744963,5900.775890203687,-150.06319175468158,-315.02588375187577,129.7475940735609,-15.973895575390097,-201.47202982293862,-345.179467121873,120.82623176217594,-7.5062834717585565,369.66368056989177,-16.27728036583426
2023-11-13,4928.955497727017,5902.673513599326,-144.33670987754562,-305.20624117855294,-417.29631607442525,-15.973895575390097,-179.36470476095022,-391.04578817895197,121.94134009522756,4.177899474222672,369.66368056989177,-16.27728036583426
2023-11-20,6090.062036633093,5904.571136994963,-138.6102280004105,-311.7526695607687,129.7475940735609,607.0080318648244,-154.65917500319716,-431.2755125972727,116.01581729740874,15.6306413599275,369.66368056989177,-16.27728036583426
2023-11-27,6076.284785450988,5906.4687603906,-138.6102280004105,-318.29909794298374,129.7475940735609,607.0080318648244,-127.71322457177023,-465.28603588500135,103.39167291296113,26.190912405149906,369.66368056989177,-16.27728036583426
2023-12-04,5233.020677070224,5908.366383786239,-144.33670987754562,-321.5723121340919,129.7475940735609,-15.973895575390097,-98.91708312857071,-492.5848196535814,84.79754777488581,35.24919449469941,-30.805306714157666,179.05008402417678
2023-12-11,5219.498785342114,5910.264007181876,-150.06319175468158,-324.8455263251998,129.7475940735609,-15.973895575390097,-68.68777469240196,-512.776524529573,61.30665828636358,42.28266136754143,-30.805306714157666,179.05008402417678
2023-12-18,5211.673300269766,5912.161630577514,-155.78967363181698,-324.8455263251998,129.7475940735609,-15.973895575390097,-37.46307832177415,-525.568735436099,34.274852476661934,46.88535512228954,-30.805306714157666,179.05008402417678
2023-12-25,4643.888652713278,5914.0592539731515,-161.51615550895247,-341.2115972807392,-417.29631607442525,-15.973895575390097,-5.6951882244462,-530.7761963307067,5.262353114379245,48.79161731038868,-30.805306714157666,179.05008402417678
2024-01-01,4447.687222606257,5915.95687736879,-172.96911926322375,-337.9383830896314,-417.29631607442525,-15.973895575390097,31.86220277654212,-527.0694834605773,-29.234862991485844,47.43278999565111,-30.805306714157666,-16.27728036583426
2024-01-08,5011.054982668572,5917.854500764426,-172.96911926322375,-334.66516889852346,129.7475940735609,-15.973895575390097,63.218361707671384,-515.6320177995979,-56.742898727098634,43.30021346673906,-30.805306714157666,-16.27728036583426
2024-01-15,5035.507925357323,5919.7521241600625,-178.69560114035906,-324.8455263251998,129.7475940735609,-15.973895575390097,93.65965170030367,-496.75370508434986,-80.97826208130962,36.67813270999591,-30.805306714157666,-16.27728036583426
2024-01-22,5068.336801845038,5921.6497475557035,-184.42208301749474,-315.02588375187577,129.7475940735609,-15.973895575390097,122.74522379155417,-470.707939924047,-100.5421354547075,27.948761227727157,-30.805306714157666,-16.27728036583426
2024-01-29,5102.1964843543665,5923.547370951342,-201.6015286489018,-301.9330269874453,129.7475940735609,-15.973895575390097,150.05386244507625,-437.8719155506834,-114.30533047955808,17.615941206358343,-30.805306714157666,-16.27728036583426
2024-02-05,5159.692717121402,5925.444994346979,-201.6015286489018,-292.11338441412147,129.7475940735609,-15.973895575390097,175.19008556956933,-398.7211613289409,-121.47346255582424,6.276062734463429,-30.805306714157666,-16.27728036583426
2024-02-12,4114.969302104294,5927.342617742615,-213.05449240317282,-288.84017022301384,-964.3402262224124,-15.973895575390097,197.7898718670539,-353.8226561680237,-121.63280117092202,-5.4163586624485935,-30.805306714157666,-16.27728036583426
2024-02-19,5273.722128259383,5929.240241138254,-218.7809742803081,-285.5669560319055,129.7475940735609,-15.973895575390097,217.52593256780085,-303.8266175666009,-114.77414961276592,-16.786459373269757,-30.805306714157666,-16.27728036583426
2024-02-26,5347.21178866925,5931.137864533891,-224.5074561574433,-282.293741840798,129.7475940735609,-15.973895575390097,234.1124512069549,-249.45708520141048,-101.29337578593643,-27.177979504185934,-30.805306714157666,-16.27728036583426
2024-03-04,5429.140163137924,5933.035487929528,-235.96041991171518,-272.4740992674748,129.7475940735609,-15.973895575390097,247.3092228016872,-191.50143542744698,-81.9685634933064,-35.99114091152652,-30.805306714157666,-16.27728036583426
2024-03-11,5530.136453078713,5934.933111325166,-224.5074561574433,-272.4740992674748,129.7475940735609,-15.973895575390097,256.92513248556696,-130.79897854011202,-57.91510296629929,-42.71726521886858,-30.805306714157666,-16.27728036583426
2024-03-18,5626.096231225126,5936.830734720805,-218.7809742803081,-275.7473134585825,129.7475940735609,-15.973895575390097,262.8209232227584,-68.2288039331148,-30.52131273020988,-46.968133734400844,-30.805306714157666,-16.27728036583426
2024-03-25,5192.194123870693,5938.728358116441,-207.3280105260369,-269.2008850763667,-417.29631607442525,-15.973895575390097,264.91121252019275,-4.697049177815192,-1.3683085841624476,-48.49839467175188,-30.805306714157666,-16.27728036583426
2024-04-01,5863.743982188657,5940.625981512078,-190.14856489462989,-256.10802831193564,129.7475940735609,-15.973895575390097,263.16572893177874,58.87622260753866,27.861255299128775,-47.219724373480915,-30.805306714157666,-16.27728036583426
2024-04-08,5960.139083191685,5942.523604907717,-184.42208301749474,-256.10802831193564,129.7475940735609,-15.973895575390097,257.60975044770333,121.57034705752348,55.48030586920003,-43.20592517920699,-30.805306714157666,-16.27728036583426
2024-04-15,5498.365454778934,5944.421228303354,-190.14856489462989,-249.56159992971948,-417.29631607442525,-15.973895575390097,248.32373842006785,182.47739156647654,79.89472574263144,-36.68866569943939,-30.805306714157666,-16.27728036583426
2024-04-22,6146.474294728855,5946.318851698993,-184.42208301749474,-229.9223147830732,129.7475940735609,-15.973895575390097,235.44217232634182,240.71530391484268,99.6953625292045,-28.04410935813784,-30.805306714157666,-16.27728036583426
2024-04-29,5676.352636529876,5948.21647509463,-178.69560114035906,-223.3758864008574,-417.29631607442525,-15.973895575390097,219.15160224551715,295.44068609729607,113.73936234173787,-17.7712029782815,-30.805306714157666,-16.27728036583426
2024-05-06,6281.582360891547,5950.114098490268,-178.69560114035906,-216.8294580186419,129.7475940735609,-15.973895575390097,199.68794725088821,345.861008362817,121.21613307906165,-6.462878550665158,-30.805306714157666,-16.27728036583426
2024-05-13,6326.045614307687,5952.011721885907,-184.42208301749474,-203.73660125421043,129.7475940735609,-15.973895575390097,177.33307884397058,391.24608658371193,121.69413021092558,5.228169636698465,-30.805306714157666,-16.27728036583426
2024-05-20,6365.5634821244275,5953.909345281543,-172.96911926322375,-197.19017287199472,129.7475940735609,-15.973895575390097,152.41073890807587,430.9386567390128,115.14576468117455,16.62715723166072,-30.805306714157666,-16.27728036583426
2024-05-27,5843.605059969537,5955.806968677181,-172.96911926322375,-177.55088772534805,-417.29631607442525,-15.973895575390097,125.28185129748297,464.3638933731799,101.94899529391289,27.0761570461591,-30.805306714157666,-16.27728036583426
2024-06-03,6388.270062204763,5957.70459207282,-161.51615550895247,-180.82410191645576,129.7475940735609,-15.973895575390097,96.33929495951148,491.0377341843882,82.86551367325536,35.9720733220179,-30.805306714157666,-16.27728036583426
2024-06-10,6385.233333592983,5959.602215468458,-138.6102280004105,-180.82410191645576,129.7475940735609,-15.973895575390097,66.00221428481971,510.5738901861793,58.99678091796454,42.801451234248916,-30.805306714157666,-16.27728036583426
2024-06-17,6377.772145376734,5961.499838864094,-115.70430049186771,-171.00445934313245,129.7475940735609,-15.973895575390097,34.7099490831077,522.6894399217342,31.72045342896859,47.17011249565068,-30.805306714157666,-16.27728036583426
2024-06-24,6365.84650613358,5963.397462259734,-81.34540922905444,-164.45803096091686,129.7475940735609,-15.973895575390097,2.9156720899532322,527.208926715696,2.610867286204863,48.82590655378451,-30.805306714157666,-16.27728036583426
2024-07-01,6354.715772771862,5965.295085655371,-58.43948172051203,-134.99910324094654,129.7475940735609,-15.973895575390097,-28.920173853966055,524.0668996273739,-26.651829339533045,47.673264225896155,-30.805306714157666,-16.27728036583426
2024-07-08,6325.362828285048,5967.192709051009,-35.533554211969616,-115.3598180942996,129.7475940735609,-15.973895575390097,-60.336543908884096,513.3088613073954,-54.378651040926364,43.778713764544115,-30.805306714157666,-16.27728036583426
2024-07-15,6274.497081615276,5969.090332446645,-18.354108580562734,-105.5401755209764,129.7475940735609,-15.973895575390097,-90.87846806007211,495.09060903101454,-78.96926009640661,37.367040977455275,-30.805306714157666,-16.27728036583426
2024-07-22,6224.253350754237,5970.987955842285,-6.901144826291775,-85.90089037432935,129.7475940735609,-15.973895575390097,-120.10363996670823,469.6759784511727,-99.00433482202293,28.808315031952326,-30.805306714157666,-16.27728036583426
2024-07-29,6179.519999995504,5972.88557923792,27.45774643652203,-82.62767618322174,129.7475940735609,-15.973895575390097,-147.58882241616786,437.43302274616923,-113.3274900329479,18.59652878905127,-30.805306714157666,-16.27728036583426
2024-08-05,6109.039172607996,5974.78320263356,44.63719206792901,-89.17410456543705,129.7475940735609,-15.973895575390097,-172.93597662033025,398.82868249526786,-121.11202132639119,7.321086505219266,-30.805306714157666,-16.27728036583426
2024-08-12,6085.201361981132,5976.680826029196,78.99608333074221,-69.53481941879053,129.7475940735609,-15.973895575390097,-195.7780265897833,354.42202347284075,-121.90862083692917,-4.367215424323214,-30.805306714157666,-16.27728036583426
2024-08-19,6051.609726842713,5978.578449424835,101.90201083928478,-53.16874846325132,129.7475940735609,-15.973895575390097,-215.7841751066164,304.8561402908388,-115.67131040451814,-15.793751156038287,-30.805306714157666,-16.27728036583426
2024-08-26,6017.751066705882,5980.476072820471,124.80793834782702,-43.349105889927856,129.7475940735609,-15.973895575390097,-232.66469431018103,250.8488431406375,-102.76009534363712,-26.299003477486217,-30.805306714157666,-16.27728036583426
2024-09-02,5448.102214393014,5982.373696216111,164.8933114877763,-46.62232008103554,-417.29631607442525,-15.973895575390097,-246.17512151884853,193.1822625082491,-83.92018564321798,-35.276629846212614,-30.805306714157666,-16.27728036583426
2024-09-09,5983.449647088585,5984.271319611748,182.0727571191823,-23.709820743281057,129.7475940735609,-15.973895575390097,-256.11979952411815,132.69152240685048,-60.238983908912424,-42.20845929106351,-30.805306714157666,-16.27728036583426
2024-09-16,5974.522041800054,5986.168943007387,210.7051665048613,-17.163392361065252,129.7475940735609,-15.973895575390097,-262.35471008675455,70.25264616016722,-33.08332261923597,-46.694400223484465,-30.805306714157666,-16.27728036583426
2024-09-23,5963.14285126701,5988.066566403025,239.33757589053886,-20.43660655217301,129.7475940735609,-15.973895575390097,-264.78955960041316,6.769869884462527,-4.020573237965847,-48.47553293864288,-30.805306714157666,-16.27728036583426
2024-09-30,5984.697405392366,5989.96418979866,267.96998527621724,2.4758927855815127,129.7475940735609,-15.973895575390097,-263.38908671831126,-56.837452605462495,25.27181939003848,-47.449053952536886,-30.805306714157666,-16.27728036583426
2024-10-07,5465.107010665062,5991.861813194299,296.6023946618946,25.388392123336338,-417.29631607442525,-15.973895575390097,-258.1735730059753,-119.64816382389189,53.10315586249959,-43.67420961729293,-30.805306714157666,-16.27728036583426
2024-10-14,6023.240634734315,5993.759436589937,313.78184029330123,38.48124888776756,129.7475940735609,-15.973895575390097,-249.2185492247997,-180.75264276247364,77.86706607042352,-37.368876538019336,-30.805306714157666,-16.27728036583426
2024-10-21,6041.474337268513,5995.657059985573,330.9612859247088,54.84731984330656,129.7475940735609,-15.973895575390097,-236.65370150002678,-239.2659779679066,98.13422572752515,-28.896986162845582,-30.805306714157666,-16.27728036583426
2024-10-28,5496.722227161712,5997.554683381213,342.41424967897865,58.1205340344143,-417.29631607442525,-15.973895575390097,-220.66099321394617,-294.3407827773253,112.73485416230898,-18.74751937412417,-30.805306714157666,-16.27728036583426
2024-11-04,6455.088246865672,5999.45230677685,353.8672134332505,67.94017660773797,129.7475940735609,-15.973895575390097,-201.47202982293862,-345.179467121873,120.82623176217594,-7.5062834717585565,369.66368056989177,-16.27728036583426
2024-11-11,5930.8944508032655,6001.34993017249,359.59369531038504,94.1258901366005,-417.29631607442525,-15.973895575390097,-179.36470476095022,-391.04578817895197,121.94134009522756,4.177899474222672,369.66368056989177,-16.27728036583426
2024-11-18,5940.794490762708,6003.247553568127,371.0466590646567,100.67231851881618,-417.29631607442525,-15.973895575390097,-154.65917500319716,-431.2755125972727,116.01581729740874,15.6306413599275,369.66368056989177,-16.27728036583426
2024-11-25,7139.588289823992,6005.145176963763,393.952586573199,113.76517528324756,129.7475940735609,607.0080318648244,-127.71322457177023,-465.28603588500135,103.39167291296113,26.190912405149906,369.66368056989177,-16.27728036583426
2024-12-02,6305.3238775114705,6007.042800359401,393.952586573199,113.76517528324756,129.7475940735609,-15.973895575390097,-98.91708312857071,-492.5848196535814,84.79754777488581,35.24919449469941,-30.805306714157666,179.05008402417678
2024-12-09,6322.89423468428,6008.940423755038,399.6790684503351,130.13124623878656,129.7475940735609,-15.973895575390097,-68.68777469240196,-512.776524529573,61.30665828636358,42.28266136754143,-30.805306714157666,179.05008402417678
2024-12-16,6331.4348205674705,6010.838047150678,393.952586573199,146.49731719432555,129.7475940735609,-15.973895575390097,-37.46307832177415,-525.568735436099,34.274852476661934,46.88535512228954,-30.805306714157666,179.05008402417678
2024-12-23,5792.289154225872,6012.7356705463135,393.952586573199,153.04374557654089,-417.29631607442525,-15.973895575390097,-5.6951882244462,-530.7761963307067,5.262353114379245,48.79161731038868,-30.805306714157666,179.05008402417678
2024-12-30,5808.594534140272,6014.633293941954,399.6790684503351,156.31695976764888,-417.29631607442525,-15.973895575390097,31.86220277654212,-527.0694834605773,-29.234862991485844,47.43278999565111,-30.805306714157666,179.05008402417678
2025-01-06,6174.181662126547,6016.530917337591,393.952586573199,162.86338814986462,129.7475940735609,-15.973895575390097,63.218361707671384,-515.6320177995979,-56.742898727098634,43.30021346673906,-30.805306714157666,-16.27728036583426
2025-01-13,6200.274497825458,6018.428540733227,376.7731409417924,185.77588748761923,129.7475940735609,-15.973895575390097,93.65965170030367,-496.75370508434986,-80.97826208130962,36.67813270999591,-30.805306714157666,-16.27728036583426
2025-01-20,6212.650714490658,6020.326164128867,353.8672134332505,192.32231586983457,129.7475940735609,-15.973895575390097,122.74522379155417,-470.707939924047,-100.5421354547075,27.948761227727157,-30.805306714157666,-16.27728036583426
2025-01-27,6270.2362710136085,6022.223787524504,353.8672134332505,211.96160101648206,129.7475940735609,-15.973895575390097,150.05386244507625,-437.8719155506834,-114.30533047955808,17.615941206358343,-30.805306714157666,-16.27728036583426
2025-02-03,6313.006325835264,6024.121410920141,342.41424967897865,218.50802939869743,129.7475940735609,-15.973895575390097,175.19008556956933,-398.7211613289409,-121.47346255582424,6.276062734463429,-30.805306714157666,-16.27728036583426
2025-02-10,6378.7368020696695,6026.019034315777,330.9612859247088,238.14731454534436,129.7475940735609,-15.973895575390097,197.7898718670539,-353.8226561680237,-121.63280117092202,-5.4163586624485935,-30.805306714157666,-16.27728036583426
2025-02-17,6452.401503997028,6027.9166577114165,330.9612859247088,244.69374292755992,129.7475940735609,-15.973895575390097,217.52593256780085,-303.8266175666009,-114.77414961276592,-16.786459373269757,-30.805306714157666,-16.27728036583426
2025-02-24,6533.257539294191,6029.814281107055,319.508322170437,261.05981388309806,129.7475940735609,-15.973895575390097,234.1124512069549,-249.45708520141048,-101.29337578593643,-27.177979504185934,-30.805306714157666,-16.27728036583426
2025-03-03,5536.644217917352,6031.711904502692,313.78184029330123,280.69909902974575,-964.3402262224124,-15.973895575390097,247.3092228016872,-191.50143542744698,-81.9685634933064,-35.99114091152652,-30.805306714157666,-16.27728036583426
2025-03-10,6712.095614836678,6033.609527898328,302.32887653902975,283.97231322085406,129.7475940735609,-15.973895575390097,256.92513248556696,-130.79897854011202,-57.91510296629929,-42.71726521886858,-30.805306714157666,-16.27728036583426
2025-03-17,6812.148553679278,6035.507151293967,302.32887653902975,290.5187416030692,129.7475940735609,-15.973895575390097,262.8209232227584,-68.2288039331148,-30.52131273020988,-46.968133734400844,-30.805306714157666,-16.27728036583426
2025-03-24,6931.836784855048,6037.404774689604,313.78184029330123,303.6115983675005,129.7475940735609,-15.973895575390097,264.91121252019275,-4.697049177815192,-1.3683085841624476,-48.49839467175188,-30.805306714157666,-16.27728036583426
2025-03-31,7034.250180192352,6039.302398085243,325.234804047572,300.33838417639265,129.7475940735609,-15.973895575390097,263.16572893177874,58.87622260753866,27.861255299128775,-47.219724373480915,-30.805306714157666,-16.27728036583426
2025-04-07,7134.738441891569,6041.200021480881,325.234804047572,310.15802674971644,129.7475940735609,-15.973895575390097,257.60975044770333,121.57034705752348,55.48030586920003,-43.20592517920699,-30.805306714157666,-16.27728036583426
2025-04-14,6678.691295355951,6043.097644876519,325.234804047572,316.70445513193175,-417.29631607442525,-15.973895575390097,248.32373842006785,182.47739156647654,79.89472574263144,-36.68866569943939,-30.805306714157666,-16.27728036583426
2025-04-21,6760.936886516321,6044.995268272157,325.234804047572,323.25088351414774,-417.29631607442525,-15.973895575390097,235.44217232634182,240.71530391484268,99.6953625292045,-28.04410935813784,-30.805306714157666,-16.27728036583426
2025-04-28,6821.499639339002,6046.892891667794,308.0553584161657,336.34374027857933,-417.29631607442525,-15.973895575390097,219.15160224551715,295.44068609729607,113.73936234173787,-17.7712029782815,-30.805306714157666,-16.27728036583426
2025-05-05,7412.003185755292,6048.790515063431,296.6023946618946,339.6169544696866,129.7475940735609,-15.973895575390097,199.68794725088821,345.861008362817,121.21613307906165,-6.462878550665158,-30.805306714157666,-16.27728036583426
2025-05-12,7470.372670611732,6050.688138459071,308.0553584161657,349.4365970430101,129.7475940735609,-15.973895575390097,177.33307884397058,391.24608658371193,121.69413021092558,5.228169636698465,-30.805306714157666,-16.27728036583426
2025-05-19,7501.710788865309,6052.585761854708,308.0553584161657,359.25623961633306,129.7475940735609,-15.973895575390097,152.41073890807587,430.9386567390128,115.14576468117455,16.62715723166072,-30.805306714157666,-16.27728036583426
2025-05-26,7506.337045206677,6054.483385250344,313.78184029330123,352.7098112341181,129.7475940735609,-15.973895575390097,125.28185129748297,464.3638933731799,101.94899529391289,27.0761570461591,-30.805306714157666,-16.27728036583426
2025-06-02,7514.59772637232,6056.381008645983,319.508322170437,365.8026679985489,129.7475940735609,-15.973895575390097,96.33929495951148,491.0377341843882,82.86551367325536,35.9720733220179,-30.805306714157666,-16.27728036583426
2025-06-09,7520.567265657996,6058.278632041621,325.234804047572,391.98838152741206,129.7475940735609,-15.973895575390097,66.00221428481971,510.5738901861793,58.99678091796454,42.801451234248916,-30.805306714157666,-16.27728036583426
2025-06-16,6929.243436515709,6060.176255437258,330.9612859247088,382.1687389540883,-417.29631607442525,-15.973895575390097,34.7099490831077,522.6894399217342,31.72045342896859,47.17011249565068,-30.805306714157666,-16.27728036583426
2025-06-23,7427.542976642485,6062.073878832895,348.14073155611516,369.07588218965674,129.7475940735609,-15.973895575390097,2.9156720899532322,527.208926715696,2.610867286204863,48.82590655378451,-30.805306714157666,-16.27728036583426
2025-06-30,7370.593816434471,6063.971502228533,348.14073155611516,375.62231057187273,129.7475940735609,-15.973895575390097,-28.920173853966055,524.0668996273739,-26.651829339533045,47.673264225896155,-30.805306714157666,-16.27728036583426
2025-07-07,7341.240871947655,6065.869125624172,371.0466590646567,395.2615957185188,129.7475940735609,-15.973895575390097,-60.336543908884096,513.3088613073954,-54.378651040926364,43.778713764544115,-30.805306714157666,-16.27728036583426
2025-07-14,7287.101911086778,6067.766749019811,388.2261046960636,401.80802410073426,129.7475940735609,-15.973895575390097,-90.87846806007211,495.09060903101454,-78.96926009640661,37.367040977455275,-30.805306714157666,-16.27728036583426
2025-07-21,7203.3126636387915,6069.664372415447,382.4996228189286,405.08123829184257,129.7475940735609,-15.973895575390097,-120.10363996670823,469.6759784511727,-99.00433482202293,28.808315031952326,-30.805306714157666,-16.27728036583426
2025-07-28,7141.399867248652,6071.561995811083,399.6790684503351,408.3544524829506,129.7475940735609,-15.973895575390097,-147.58882241616786,437.43302274616923,-113.3274900329479,18.59652878905127,-30.805306714157666,-16.27728036583426
2025-08-04,7084.831843130656,6073.459619206723,411.13203220460764,421.44730924738127,129.7475940735609,-15.973895575390097,-172.93597662033025,398.82868249526786,-121.11202132639119,7.321086505219266,-30.805306714157666,-16.27728036583426
2025-08-11,7020.9020875346305,6075.357242602358,428.3114778360136,418.1740950562742,129.7475940735609,-15.973895575390097,-195.7780265897833,354.42202347284075,-121.90862083692917,-4.367215424323214,-30.805306714157666,-16.27728036583426
2025-08-18,6961.9446853724285,6077.254865997999,445.490923467419,414.90088086516545,129.7475940735609,-15.973895575390097,-215.7841751066164,304.8561402908388,-115.67131040451814,-15.793751156038287,-30.805306714157666,-16.27728036583426
2025-08-25,6937.085721303843,6079.152489393635,474.12333285309813,427.99373762959715,129.7475940735609,-15.973895575390097,-232.66469431018103,250.8488431406375,-102.76009534363712,-26.299003477486217,-30.805306714157666,-16.27728036583426
2025-09-01,6350.257423359566,6081.050112789274,497.0292603616401,424.7205234384897,-417.29631607442525,-15.973895575390097,-246.17512151884853,193.1822625082491,-83.92018564321798,-35.276629846212614,-30.805306714157666,-16.27728036583426
2025-09-08,6857.779249516115,6082.947736184911,525.661669747318,408.3544524829506,129.7475940735609,-15.973895575390097,-256.11979952411815,132.69152240685048,-60.238983908912424,-42.20845929106351,-30.805306714157666,-16.27728036583426
2025-09-15,6836.578733968231,6084.8453595805495,548.5675972558597,408.3544524829506,129.7475940735609,-15.973895575390097,-262.35471008675455,70.25264616016722,-33.08332261923597,-46.694400223484465,-30.805306714157666,-16.27728036583426
2025-09-22,6837.47245369454,6086.742982976187,582.9264885186752,411.6276666740581,129.7475940735609,-15.973895575390097,-264.78955960041316,6.769869884462527,-4.020573237965847,-48.47553293864288,-30.805306714157666,-16.27728036583426
2025-09-29,6824.66154472787,6088.640606371826,600.1059341500795,411.6276666740581,129.7475940735609,-15.973895575390097,-263.38908671831126,-56.837452605462495,25.27181939003848,-47.449053952536886,-30.805306714157666,-16.27728036583426
2025-10-06,6264.159258526324,6090.538229767461,617.2853797814884,405.08123829184257,-417.29631607442525,-15.973895575390097,-258.1735730059753,-119.64816382389189,53.10315586249959,-43.67420961729293,-30.805306714157666,-16.27728036583426
2025-10-13,6822.292882595578,6092.4358531631,634.4648254128942,418.1740950562742,129.7475940735609,-15.973895575390097,-249.2185492247997,-180.75264276247364,77.86706607042352,-37.368876538019336,-30.805306714157666,-16.27728036583426
2025-10-20,6832.3402637374,6094.333476558739,663.0972347985714,414.90088086516545,129.7475940735609,-15.973895575390097,-236.65370150002678,-239.2659779679066,98.13422572752515,-28.896986162845582,-30.805306714157666,-16.27728036583426
2025-10-27,6293.314635507733,6096.231099954374,680.2766804299786,418.1740950562742,-417.29631607442525,-15.973895575390097,-220.66099321394617,-294.3407827773253,112.73485416230898,-18.74751937412417,-30.805306714157666,-16.27728036583426
2025-11-03,7236.947905437103,6098.128723350014,703.1826079385206,401.80802410073426,129.7475940735609,-15.973895575390097,-201.47202982293862,-345.179467121873,120.82623176217594,-7.5062834717585565,369.66368056989177,-16.27728036583426
2025-11-10,6689.02166353186,6100.02634674565,714.635571692793,398.5348099096269,-417.29631607442525,-15.973895575390097,-179.36470476095022,-391.04578817895197,121.94134009522756,4.177899474222672,369.66368056989177,-16.27728036583426
2025-11-17,6698.915131662091,6101.923970141288,748.9944629556059,382.1687389540883,-417.29631607442525,-15.973895575390097,-154.65917500319716,-431.2755125972727,116.01581729740874,15.6306413599275,369.66368056989177,-16.27728036583426
2025-11-24,7891.162502341161,6103.821593536926,771.9003904641492,388.7151673363037,129.7475940735609,607.0080318648244,-127.71322457177023,-465.28603588500135,103.39167291296113,26.190912405149906,369.66368056989177,-16.27728036583426
2025-12-01,7075.710856840993,6105.719216932565,800.532799849825,378.89552476297973,129.7475940735609,-15.973895575390097,-98.91708312857071,-492.5848196535814,84.79754777488581,35.24919449469941,-30.805306714157666,179.05008402417678
2025-12-08,7093.2746421845895,6107.616840328202,829.1652092355037,372.3490963807639,129.7475940735609,-15.973895575390097,-68.68777469240196,-512.776524529573,61.30665828636358,42.28266136754143,-30.805306714157666,179.05008402417678
2025-12-15,7094.448853180483,6109.514463723838,829.1652092355037,375.62231057187273,129.7475940735609,-15.973895575390097,-37.46307832177415,-525.568735436099,34.274852476661934,46.88535512228954,-30.805306714157666,179.05008402417678
2025-12-22,6547.936811951593,6111.412087119477,834.8916911126398,369.07588218965674,-417.29631607442525,-15.973895575390097,-5.6951882244462,-530.7761963307067,5.262353114379245,48.79161731038868,-30.805306714157666,179.05008402417678
