controle,sd_controle,efeito_dp,efeito_dp_lo,efeito_dp_hi,efeito_un,efeito_un_lo,efeito_un_hi,efeito_un_verdade
desemprego_pct,0.758038729431992,-434.08950462591923,-1360.6432250423552,429.07479629799644,-572.6481877135591,-1794.9521207998202,566.0328155258077,-280.0
ipca_12m_pct,0.8347434519097746,-273.2294112725398,-434.2135214300881,-119.0947364211124,-327.3214191107814,-520.1760138838695,-142.6722619370545,-120.0
n_feriados_nacionais,0.4683875708238863,-256.2285682082157,-309.07049374136625,-203.8585243452155,-547.0439101479864,-659.8605791304756,-435.2347010118812,-450.0
black_friday,0.158061897512025,98.46970556689907,-6.974653024970095,209.90844322125503,622.9819274402149,-44.12608689858022,1328.014192701221,900.0
sen_1,0.708326438795024,187.61430203710222,42.74147193307271,327.452557052762,264.8698280361581,60.341488884394536,462.29046258644667,
cos_1,0.7058765188307228,-373.45825225830964,-526.7287181346262,-226.5871342981276,-529.070230125999,-746.2051847356347,-321.0010933264459,
sen_2,0.7083170150172196,-86.69753590525643,-157.7089793350945,-15.77327274973153,-122.39934106785331,-222.65310022414258,-22.268662781379145,
cos_2,0.7058859453152212,34.35497156716616,-36.9168583411631,104.47661878532094,48.66929536587467,-52.29861649204174,148.00779003846824,
mes_nov,0.2664693550105966,106.71271274332746,14.91755925803609,202.11287368561517,400.4689872840494,55.98226954631563,758.4844931890116,
mes_dez,0.27638539919628347,53.98563158089116,-37.5213658930696,142.36139058354533,195.32736439001118,-135.7574097697638,515.0828914896589,
desconto_medio_pct,5.293137334655506,,,,104.05704858262862,83.24849644102977,124.19201748663421,85.0
