semana,google_search,meta,tiktok,youtube,afiliados,display_programatico,desconto_medio_pct
2023-01-02,150.53931392504177,186.06059432693647,80.71098338809361,330.1198680681743,76.16267768775914,56.130711997950186,0.0
2023-01-09,218.37456820000605,269.9950133729084,96.83960699962459,391.38950733816733,98.34587335065679,64.94787673491778,384.0102083736003
2023-01-16,220.48648216242069,265.98370279942,89.47741158999024,419.07843629163136,96.14006500760088,70.2410707230856,0.0
2023-01-23,250.61356844588536,267.03668381368243,92.52909332841625,431.3816128292008,108.38901045008363,70.52746044397477,71.89692440240657
2023-01-30,237.21912278347185,289.3034556424026,89.16429980394264,436.4277241899048,89.62805131443193,67.64435546295678,0.0
2023-02-06,225.89284157006932,263.7923527166508,95.7827288582758,441.77676596812705,91.73707887710592,69.29676947799213,0.0
2023-02-13,238.2470024286361,265.0101997021841,96.74243640979935,423.42029465044465,87.94508335086118,68.48804850097285,0.0
2023-02-20,244.19124306856708,255.60125780240838,96.91684914774957,369.8569544261713,93.79344454261658,74.08090818505659,96.08654382751533
2023-02-27,261.20278692234837,265.05700762828087,92.06755889405885,344.00084794445615,91.71533413445803,71.37111992142539,239.88039263232795
2023-03-06,257.6644820811614,246.09943636041697,91.85829824784662,311.5902159312007,92.67975348791889,65.90272222100089,0.0
2023-03-13,261.96694318557206,258.60690237382767,100.12856668455541,294.80810603951653,87.00077655057112,53.116502485729285,0.0
2023-03-20,246.27111895012285,287.04393680123826,96.44994389928401,284.21348707017614,97.61862531804339,48.16693460520985,0.0
2023-03-27,255.738006711383,276.85248775816916,101.42844716554083,295.88755969242777,102.81151483041012,47.052657472523016,96.08654382751533
2023-04-03,263.6206602608158,179.29191026625762,97.65899035182161,306.06392223007674,107.18921599153151,47.969288641630726,216.02674014367898
2023-04-10,254.1747927150043,121.41189868924143,107.55672742538503,310.95655347793036,106.24700984971835,44.14633367791534,96.08654382751533
2023-04-17,240.78483584169726,92.06253404268787,103.96153457576034,298.7764065389516,107.86339005511935,46.93395426855934,96.08654382751533
2023-04-24,275.88333734473304,73.47314843128625,106.23731370212232,291.8763751298207,106.85143266003993,66.98411957608828,264.07001205743666
2023-05-01,280.5901291594863,100.07565445935526,112.55388700675984,245.7561219386732,114.33299338273139,71.795235352636,216.02674014367898
2023-05-08,274.85657851505715,119.57936214074297,94.72842976112153,213.89170305103735,109.2903566823941,72.043466867604,191.83712071857025
2023-05-15,264.55210988236473,127.05915510931243,78.27029733911922,184.4978488312637,92.88266549241226,76.56879811784161,0.0
2023-05-22,275.4502639357011,141.4963654171841,68.97275052000701,156.63279147652423,92.1030655005918,68.25687749310319,0.0
2023-05-29,243.76287885010868,115.2720629224224,65.90291242326563,152.39861783695196,86.39610978408626,72.74239257971261,0.0
2023-06-05,236.04498059875252,127.09543431707225,66.53721507361006,148.9488907388452,96.80797899537912,66.82709239757818,0.0
2023-06-12,237.02795138666792,117.41606201833679,56.82743252542238,153.6273352692818,101.48308064278679,40.24172113919305,0.0
2023-06-19,263.02582209991704,213.3877223868523,52.32164133042521,137.69002349733077,97.57670849039678,26.401577819050374,0.0
2023-06-26,272.3294715777989,257.8929604512305,56.51402851039025,375.79699417788373,111.51260143068961,18.382927365162985,96.08654382751533
2023-07-03,275.77689219269564,255.288220695213,49.023269955616975,424.85041527876484,106.93578362769516,13.351699021613607,0.0
2023-07-10,256.2839815134532,257.32810496647426,55.13002624189512,439.55724482150094,105.43569269996635,54.31594014058747,0.0
2023-07-17,242.56216143820794,261.5301775296002,48.98511199772664,436.7494076670088,97.3746835590474,55.87402378408577,0.0
2023-07-24,249.30817757226782,238.2568692313305,53.790967972693316,450.0745265329776,90.78481401054673,68.82250320854104,0.0
2023-07-31,253.07654033419144,236.0462346599309,48.62934139083597,401.61433640393284,95.07977273676744,73.172473101285,0.0
2023-08-07,268.2280448018331,257.73780563234584,85.26182760639671,353.60689872961325,96.33979899953331,74.89293460349283,0.0
2023-08-14,266.53941771942175,261.4177084061795,92.94170831122817,319.4412832572653,88.15842086364705,73.6016874694617,71.89692440240657
2023-08-21,271.8923277479699,265.30455873577444,94.23102488953711,292.1814876136893,97.70024680277366,73.52269240116921,144.1298157412725
2023-08-28,270.92080402060435,281.64334522980806,101.25769671594801,292.258923781901,99.8455306353979,76.59118886017387,144.1298157412725
2023-09-04,281.00338370681385,295.57824511468783,104.8550994707968,268.32149393147614,103.45180628954999,81.96754777338299,216.02674014367898
2023-09-11,270.11347876915636,281.86780205458933,100.0318849777686,245.0194852672165,96.77266792145849,77.1505944807237,0.0
2023-09-18,246.81450082665913,261.2962782324297,95.44997224391932,249.11270881043018,94.95103847583198,70.19288726730336,96.08654382751533
2023-09-25,219.51609967439506,267.7877820371997,91.29997998494137,254.53548481927473,92.77171205104734,47.0206687946128,0.0
2023-10-02,248.439173732057,285.1382728554432,90.6156201683591,226.50973219413495,91.59073917664723,34.98148882030765,0.0
2023-10-09,274.784594987995,286.0277669319201,91.45483348262917,231.4610745837278,99.26173638949453,27.49912055491446,216.02674014367898
2023-10-16,247.27127863627504,287.18443474943996,99.54464415677572,218.89187914233963,99.38237047082607,24.527795772779147,71.89692440240657
2023-10-23,228.42283126452313,284.6872243368532,98.8005944016977,225.0281262847824,94.5012474985861,24.041167051582093,0.0
2023-10-30,236.37284017360477,279.1071257920728,97.08972159921618,218.72974320948688,92.49034302786153,20.390997994168444,48.043271913757664
2023-11-06,251.69567844320767,275.74078065965784,88.79661887775998,231.78407987442372,95.9102428585689,34.69146908174369,0.0
2023-11-13,269.2757238304709,192.09784824542805,96.38894459771477,245.8570498496631,93.90176512513418,37.187560965462865,0.0
2023-11-20,321.92250377357925,202.17783834565262,115.71938954540316,315.3875475128225,119.63567855973828,55.47085655004158,1007.9008093795292
2023-11-27,337.38436711708454,178.5341299394916,95.76954760244668,358.7277892768493,131.8146953163895,44.46349023120951,1007.9008093795292
2023-12-04,294.32187491762323,151.44564390200065,69.88395519014021,326.67238380380707,120.27054817489615,30.814632925210645,312.1132839711946
2023-12-11,286.671285108168,120.6591522306033,59.95290787408035,315.66883399896676,119.05771158278434,25.85416221091618,287.9236645460853
2023-12-18,267.38828457307363,102.77764593177429,54.844091595591955,298.9259798271672,110.92881099640091,24.235962639572385,0.0
2023-12-25,246.54174083778707,108.92134988017054,50.37611023614285,269.1647515635321,98.85995173320117,23.52227332476679,0.0
2024-01-01,276.9412731104543,106.15594118899645,45.3761797880073,259.20903330408754,97.91209671008471,19.929197705499423,48.043271913757664
2024-01-08,279.3499528387612,233.85491859806882,41.84280875247198,191.8428346679637,95.56835082855753,58.06886931836157,0.0
2024-01-15,272.6608609959507,236.63617274109924,40.8703459431463,139.99043596956616,92.83754993295776,59.709971012088175,48.043271913757664
2024-01-22,245.26800711859693,225.06297444659992,38.3548818780419,99.81900210471666,90.98391968597437,62.80357419440844,0.0
2024-01-29,271.454713996652,252.4193224909388,35.32917139020371,87.48225669487226,95.7375169254367,71.59461606794808,216.02674014367898
2024-02-05,256.4093820467504,242.99243150103783,38.399321110209165,69.50443338643723,92.61476854087793,70.1674211109182,0.0
2024-02-12,247.953581389842,241.26480727578124,31.20311082646797,66.55944071021145,89.75066821894994,69.153566964381,0.0
2024-02-19,253.07244222174597,266.071969749387,48.50285450268396,63.28555505946992,92.48253825594037,74.61161221046801,0.0
2024-02-26,258.48366033582283,173.79897272162063,52.21080421978855,61.81454840078256,91.94898697744237,71.95879725578325,96.08654382751533
2024-03-04,256.1215120095251,128.35059868670064,50.68525760440409,60.38164279887964,89.58476249887312,71.61210162303423,0.0
2024-03-11,267.72422807235176,96.6166711756048,55.13987239101724,58.064681956425346,94.54057571140048,67.3234728960323,0.0
2024-03-18,263.58895360083176,89.09147150374677,56.257541189797024,147.82195103760742,99.86122451791574,77.52487634309323,0.0
2024-03-25,247.9310444553512,80.11484826103053,58.13242508077181,183.21348004886835,66.50913401154139,76.34500328604568,96.08654382751533
2024-04-01,262.001062169143,207.58394753251747,37.480512699577424,212.51244375136517,59.02266323362414,76.95115950254431,144.1298157412725
2024-04-08,253.9491519432152,239.05605439391454,27.77097154452128,217.81574634470297,47.789839364578434,68.82653066172372,0.0
2024-04-15,251.94612215790127,259.9304109904384,27.477739442169135,227.7697630676115,48.64655659927484,71.9744948902397,167.98346822992167
2024-04-22,267.6812007651198,270.7501229730865,22.74738070815643,253.62313547179866,37.89663485271202,56.53455676717086,0.0
2024-04-29,283.0565116348899,307.4831071209936,23.276588970288262,262.3011266722081,33.383851964142934,46.901302082109694,0.0
2024-05-06,283.08786335322657,281.81622676912286,20.347071571561102,262.07888939462543,52.580782632943134,37.77166848788778,0.0
2024-05-13,288.308142839094,291.6658953538299,20.77720374940299,275.6079135367147,53.64018119155778,44.91542018681631,239.88039263232795
2024-05-20,287.67090548354287,254.63919340467513,19.21002783535683,293.61299581847186,45.26612132489666,37.43042098875844,0.0
2024-05-27,273.46959657830035,261.4784173421445,55.24524845743699,321.0832862568456,50.28339404296724,39.2738724481518,0.0
2024-06-03,288.7904029642392,292.7988637395871,67.47055802443307,350.03405770404987,56.269520049014154,34.3533279406369,359.82058894849183
2024-06-10,262.9336584927921,268.5963727683226,61.573965565835984,314.0084505074051,50.389230393611726,30.261232274900408,71.89692440240657
2024-06-17,260.5363432589353,288.12303518065903,66.39331447671017,312.8058665950811,50.004097640840556,30.35274542419856,0.0
2024-06-24,259.5395290549314,275.5457315352692,57.75515603674991,313.95158978238874,55.28218528632117,26.80604442986702,0.0
2024-07-01,242.58981632946254,294.38387081455,60.40298718863637,301.1911291941553,82.61429761736369,24.6884351882062,0.0
2024-07-08,255.3141847463009,282.90884942919763,68.64657103614786,294.8475152309885,85.80329154525184,24.316457023032413,0.0
2024-07-15,254.52754549904827,285.9296668834981,66.0969247801537,268.1305802957694,98.1248769666242,26.64601232897151,0.0
2024-07-22,272.3869912594411,273.7679496289976,64.35968960897499,276.29693571816176,100.66994244627303,23.37095614305679,0.0
2024-07-29,279.1971624271408,279.6618867158437,69.00140324011242,258.3898752402371,98.09036941063695,27.00376726805499,167.98346822992167
2024-08-05,280.5106018950696,328.76801445584897,73.01961272629653,278.7733565696303,96.63806303959383,32.469094338811075,287.9236645460853
2024-08-12,274.64781196716655,280.0380088302897,63.1299876100654,264.64617177443887,99.2249035811464,30.18247362275205,167.98346822992167
2024-08-19,260.8212186588709,252.0604601759816,57.390474391144906,267.3118541182142,98.7061465876985,54.50338241097391,0.0
2024-08-26,248.66255077712876,256.6048601604289,90.94066637165584,267.0243372298909,106.46046098249646,54.93915298859839,0.0
2024-09-02,243.26225055856457,268.6119402901793,93.35984240346035,254.76869870812814,96.8081584102834,62.37652419260648,119.94019631616398
2024-09-09,244.8000386269171,282.1429588670968,99.32260275407333,238.29391764702433,96.43363767852186,65.63897147401336,0.0
2024-09-16,235.20203916173097,270.59904933919086,96.46913287219351,222.49417910942665,103.458823018107,69.94539507535976,0.0
2024-09-23,241.24913185898743,259.09852705056835,61.43375759529427,366.3704085852896,88.60663101888306,67.67144810175617,71.89692440240657
2024-09-30,261.0996693443526,291.9405669264752,45.17286229447624,419.0338666059203,107.89138663242083,74.49573282742428,239.88039263232795
2024-10-07,267.36319176429765,293.65955558790546,34.45699603303498,409.6828251734752,89.97881970939746,67.66692427218213,0.0
2024-10-14,249.071657372443,288.6344530652748,34.9263186985484,427.09041051128924,103.02877726386663,69.2096420674103,167.98346822992167
2024-10-21,249.7512786541979,285.27217897859146,32.34284587652084,433.1023086354059,103.72009768053366,75.12569392558187,144.1298157412725
2024-10-28,259.39778072545806,289.0355228769487,28.84954347483281,379.0350053161649,102.48688509065722,73.37451833685293,96.08654382751533
2024-11-04,269.3019411574809,267.02314435423796,28.327159475966706,333.50378725178433,98.57905384041506,67.97946269500355,0.0
2024-11-11,271.09458667651757,279.18309070690924,87.90449374504618,316.1234207150198,86.52765728141422,69.42936013224643,0.0
2024-11-18,271.2744972198887,287.92570631553724,94.88388070146316,311.9972412914875,99.47166964904336,42.461314904217495,312.1132839711946
2024-11-25,315.1356169899777,355.83748987806865,107.06271260066728,346.0153021156686,126.09912273693594,29.90810354198297,1007.9008093795292
2024-12-02,265.4315310138342,317.8895888829731,80.1273359718488,313.89826687065556,108.15370494651859,20.205924832634437,0.0
2024-12-09,259.90554254514274,258.7485152989775,68.24008465793345,271.17818833269826,105.48967219761658,15.086489246806252,0.0
2024-12-16,255.38553905858595,235.92347986711187,61.37598616855156,256.24822814362363,103.31337799256518,11.553150910175598,0.0
2024-12-23,258.9382632002371,235.78228876960733,60.48893442613018,376.64750565608347,98.59804817377722,8.346748040513175,0.0
2024-12-30,263.94618896366313,243.02263256284166,52.084154351026505,406.591773116701,96.47756997207244,6.247277827370735,0.0
2025-01-06,262.2794948452508,263.6183670767336,62.64087281444302,434.8032668412765,89.3173842978462,22.96977636262758,144.1298157412725
2025-01-13,239.02854910596326,233.04212083123141,84.66003338742152,426.79202250645034,88.66895891833522,25.96822039438234,0.0
2025-01-20,254.75996155595982,256.353022477844,101.35038236045814,450.7733221614819,98.89193298147887,33.41730615557312,264.07001205743666
2025-01-27,264.90864895244624,256.3520388497561,94.15257474675744,400.1821790584255,94.7872008632209,31.511705075960357,144.1298157412725
2025-02-03,249.560124507803,289.0157219949793,93.07691531615656,336.12330695991676,96.70379535248382,29.265681589408555,0.0
2025-02-10,241.3372726576982,299.0232761500707,100.13398803879628,303.03624510289285,95.73456773892329,29.577308051728835,0.0
2025-02-17,241.2856201273847,267.4708275264921,97.3385846858378,350.1172940969559,97.69161137194828,26.01565880458093,0.0
2025-02-24,245.52230286253484,263.2545823634836,100.49696496101826,412.5346814386892,62.86707784948859,29.022768632602475,144.1298157412725
2025-03-03,241.7501884123962,247.70146321647306,102.58745969856862,440.468088825336,55.710827107111164,28.0892634379527,0.0
2025-03-10,258.0772054848676,247.41666184825547,102.13362553516512,402.7848458625341,66.52168978750358,54.81946216871135,96.08654382751533
2025-03-17,261.3356729933771,274.1702081411879,110.23530307757822,371.9615650827135,93.10462641635242,64.55325118835805,191.83712071857025
2025-03-24,257.59487185434125,253.51382330057186,103.74041238656116,341.384892594898,86.67468610884139,72.57246394546955,0.0
2025-03-31,266.8430217640588,275.98726526583164,97.5938464365776,346.7722592720296,105.71361581675936,70.1406673224275,48.043271913757664
2025-04-07,255.524668528912,259.29541325206657,101.80226518660653,327.2634299078541,101.33012648377454,76.03782694457739,48.043271913757664
2025-04-14,253.7010154650711,259.8176408309246,105.1025995064297,270.3105559727575,107.02397881919563,74.17621068351848,96.08654382751533
2025-04-21,276.19705471708954,268.5429827406033,102.1512889862176,215.77250197919122,103.50386488233114,74.73896119690882,0.0
2025-04-28,265.0854415303195,282.59975341036807,99.43895128379093,172.31993027449624,106.66923195841156,82.65466271409545,96.08654382751533
2025-05-05,239.4266243003404,274.49111932734127,98.81288775260552,145.65265316944195,103.47991214379566,72.38715246164666,0.0
2025-05-12,229.64445771685328,255.28611596295679,62.484362913761835,126.3660690501962,107.39993005596948,69.59095634820117,0.0
2025-05-19,260.5433764064411,284.060053843046,45.058264721420926,77.16250485921226,116.10951101710701,77.4702636676382,71.89692440240657
2025-05-26,265.57142998356426,263.01194710165544,35.47495779699294,45.838748910270596,112.14051589926369,74.9466866120281,96.08654382751533
2025-06-02,258.23250175566073,281.3280126930381,30.29796410862388,25.16640407765281,93.72427039368311,74.3667648299866,0.0
2025-06-09,289.31100834830306,299.5547668928594,25.951789838879126,13.40244582282154,110.49526025150155,75.97034498465972,239.88039263232795
2025-06-16,256.70717570196445,280.00814467095074,23.705290709690225,7.6741350449756665,116.67484295375513,78.790472617316,216.02674014367898
2025-06-23,269.71211490669515,270.9163888332383,19.72469336888053,208.94959107140212,110.61955644511465,72.77595191644502,0.0
2025-06-30,280.9363801803173,280.7615972415298,15.108454152851678,228.91164479918805,100.78913259717451,72.27488671491092,0.0
2025-07-07,258.5094521682647,289.5001392051944,46.37340730912871,277.96600066487093,108.42700500807301,74.44297616916643,0.0
2025-07-14,274.47949245058425,286.94569009901494,62.481989099383014,299.3639574752458,116.23112425279959,75.98776194958214,287.9236645460853
2025-07-21,253.90872249961265,297.57569966115125,56.70035049103096,265.17624960872314,117.0288881647104,70.5579281750553,0.0
2025-07-28,248.94195592136148,309.9285027941679,60.13714181948646,257.49666462399153,65.85715689298836,72.1137064713155,144.1298157412725
2025-08-04,246.51254739183366,284.2898167843893,57.79660790915302,245.032369505926,40.37117670547153,67.73103847265348,71.89692440240657
2025-08-11,268.9189379444577,293.63412450826877,57.80176119657453,233.60378160144586,28.08928732493194,72.0567654881244,96.08654382751533
2025-08-18,280.84585900084573,305.6370289726087,53.373369943990255,241.3522328667718,20.425584539305657,70.9343388733345,0.0
2025-08-25,275.4704249366039,327.6604069552386,58.86910603463875,249.33375019889627,17.506263613308725,56.66985544844674,287.9236645460853
2025-09-01,279.8905864858073,282.97471597628635,57.64042736889289,244.2591563991599,12.83209052333631,48.757183367949715,0.0
2025-09-08,263.14232472762154,259.0953136369515,39.81537577272087,267.37378138343985,11.93613219475427,44.55604792058354,0.0
2025-09-15,274.5656186026716,272.99250829691164,37.3398231618103,268.432795995521,82.39865381613626,40.64706337835299,0.0
2025-09-22,255.4136775639264,248.69032174972813,34.484144997194136,277.36727274334083,87.18927887817313,40.1997825116375,0.0
2025-09-29,251.77904798977386,237.92394966193666,83.18361137683542,273.87034976230404,101.67503775168223,41.04138998788253,0.0
2025-10-06,268.2894547288976,261.0757818288081,94.12232052577443,290.02151386762614,103.18422503343588,42.05833290705064,216.02674014367898
2025-10-13,293.06551576222955,263.47937725750216,88.66956147149386,320.66745244344906,103.91151489444782,57.34721305357146,0.0
2025-10-20,284.3062632237251,272.373688017124,92.70187117308026,269.8642996880707,105.15276151859875,66.72459615622293,216.02674014367898
2025-10-27,255.3293935402055,252.69950169572434,94.6414211449923,232.13671035225553,101.90882741210555,65.97424033025888,0.0
2025-11-03,286.254850483109,270.7175782985272,108.71613565641671,208.80248080865596,107.27410436558431,78.24518964474558,359.82058894849183
2025-11-10,260.8325882372917,262.8292041767402,73.02493335115517,185.57811314182442,105.90722427477495,74.78152150913841,0.0
2025-11-17,190.1893979420102,261.59376297037085,56.94669114140563,189.30557717701384,105.86403817387831,48.18504519190447,216.02674014367898
2025-11-24,181.83838498494532,390.4477691494656,63.384801048775344,224.44340756940792,132.1426405738318,40.87003343507659,1007.9008093795292
2025-12-01,134.88396076402688,282.01478390501967,45.23307134858876,202.70369907753602,111.37393074545624,30.10970782936369,0.0
2025-12-08,216.54891212581734,210.41481783879357,90.79546325217369,175.2644494272935,100.24014477456332,58.034853964799126,0.0
2025-12-15,223.89710677144856,156.35085368174433,90.86801863868911,176.9174414198012,99.38168695716791,66.247560969616,0.0
2025-12-22,240.25214704431835,128.68254270736668,94.53620465711367,178.2920453968289,111.3719453283849,64.66889731315318,0.0
