horizonte,cenario,canal,est,lo,hi,verdade,pico_vs_historico
13,Diluído: 13 semanas iguais,google_search,3834.50064895439,860.3710071676131,9225.05317677258,3622.275752950154,0.4126600107689164
13,Diluído: 13 semanas iguais,meta,3559.7419838711826,1963.970242740151,5752.7734175018595,2156.529506098335,0.2385011315096061
13,Diluído: 13 semanas iguais,tiktok,1178.0099882175773,354.2853422280982,2207.7560596825615,1318.1810209774067,0.24342860236007363
13,Diluído: 13 semanas iguais,youtube,3911.202373878982,3126.4543933237464,4832.396566644096,2677.631739968566,0.2443078982773052
13,Diluído: 13 semanas iguais,afiliados,1235.3364572905484,336.98590273409326,2583.9718441902573,1110.1622787834926,0.34210117109674915
13,Diluído: 13 semanas iguais,display_programatico,799.1289836600013,230.38438458752066,1671.4456815084216,737.9603780477473,0.37508825715347466
13,Diluído: 13 semanas iguais,TOTAL,14517.920435872682,10412.710975825545,20419.299487306755,11622.740676825702,0.4126600107689164
13,Diluído: 13 semanas iguais,RAZAO_google_search,1.0,1.0,1.0,,
13,Diluído: 13 semanas iguais,RAZAO_meta,1.0,1.0,1.0,,
13,Diluído: 13 semanas iguais,RAZAO_tiktok,1.0,1.0,1.0,,
13,Diluído: 13 semanas iguais,RAZAO_youtube,1.0,1.0,1.0,,
13,Diluído: 13 semanas iguais,RAZAO_afiliados,1.0,1.0,1.0,,
13,Diluído: 13 semanas iguais,RAZAO_display_programatico,1.0,1.0,1.0,,
13,Diluído: 13 semanas iguais,RAZAO_TOTAL,1.0,1.0,1.0,,
13,8 semanas seguidas,google_search,3138.4109210493575,709.2265060621609,7370.179768872285,3100.272821866145,0.6705725174994891
13,8 semanas seguidas,meta,2935.624367185016,1594.1094148850714,4715.582271412674,1916.7770513218775,0.3875643387031099
13,8 semanas seguidas,tiktok,938.9592137572663,275.851807301773,1799.5626315434838,1192.5418799932927,0.39557147883511967
13,8 semanas seguidas,youtube,3239.0976359338065,2569.5785827714553,3977.878167342404,2461.203730700493,0.39700033470062096
13,8 semanas seguidas,afiliados,987.9950637351869,274.0189085343715,2034.9915860792028,853.2967876697601,0.5559144030322174
13,8 semanas seguidas,display_programatico,653.7018954793639,189.7001168308166,1343.8990465600543,585.8853491379793,0.6095184178743962
13,8 semanas seguidas,TOTAL,11893.789097139997,8640.657769735568,16497.628150088658,10109.977620689548,0.6705725174994891
13,8 semanas seguidas,RAZAO_google_search,0.8226684856517245,0.7377540983713761,0.8982383436002652,,
13,8 semanas seguidas,RAZAO_meta,0.8263272339135992,0.7543394603452566,0.8882199021287395,,
13,8 semanas seguidas,RAZAO_tiktok,0.7954681907131836,0.7058483961668492,0.8778898872857733,,
13,8 semanas seguidas,RAZAO_youtube,0.8286727923458016,0.7765409730428589,0.8731539149454113,,
13,8 semanas seguidas,RAZAO_afiliados,0.806265967260045,0.7124938223267737,0.8877056662899697,,
13,8 semanas seguidas,RAZAO_display_programatico,0.8223371284797256,0.7216248350599841,0.9031790204009517,,
13,8 semanas seguidas,RAZAO_TOTAL,0.8205848533686615,0.7862895863116012,0.8520058709024131,,
13,1 mês seguido (4 semanas),google_search,2432.7436326408006,544.3424318293746,5786.765926185245,2122.817777498439,1.3411450349989782
13,1 mês seguido (4 semanas),meta,2257.576651613859,1123.4977006272397,3809.430545875656,1510.9796012130118,0.7751286774062198
13,1 mês seguido (4 semanas),tiktok,694.2123604107834,203.5281992914971,1466.1868193355285,920.9838754401821,0.7911429576702393
13,1 mês seguido (4 semanas),youtube,2563.6946842378256,1936.2908609480387,3258.208134858315,2152.2925001628846,0.7940006694012419
13,1 mês seguido (4 semanas),afiliados,728.1493550838575,204.4780128895159,1560.741174662943,556.1069282016399,1.1118288060644348
13,1 mês seguido (4 semanas),display_programatico,500.95822558523827,141.754986551086,1069.3198545242303,421.69985252323494,1.2190368357487924
13,1 mês seguido (4 semanas),TOTAL,9177.334909572362,6673.560651866427,12794.21785159906,7684.880535039392,1.3411450349989782
13,1 mês seguido (4 semanas),RAZAO_google_search,0.6376079974284492,0.47275904511074196,0.7938015751865276,,
13,1 mês seguido (4 semanas),RAZAO_meta,0.6318465067080663,0.49914872920766756,0.761375431769408,,
13,1 mês seguido (4 semanas),RAZAO_tiktok,0.5844682094539368,0.4265534008526494,0.7674033213153316,,
13,1 mês seguido (4 semanas),RAZAO_youtube,0.6556667101082368,0.5562606601818142,0.7450347109035906,,
13,1 mês seguido (4 semanas),RAZAO_afiliados,0.5983147855631801,0.4406133028094186,0.7779521589691089,,
13,1 mês seguido (4 semanas),RAZAO_display_programatico,0.6309013642185691,0.45697704601617967,0.8065735809713777,,
13,1 mês seguido (4 semanas),RAZAO_TOTAL,0.6338285208858344,0.5716690819035635,0.6940940963364607,,
13,2 semanas seguidas,google_search,2026.7765498158722,394.9721478319986,4926.219600607857,1443.14266822504,2.6822900699979564
13,2 semanas seguidas,meta,1843.8064303893325,800.3991966331629,3367.8244455559275,1221.4933589327843,1.5502573548124396
13,2 semanas seguidas,tiktok,551.5328018926482,148.20125397521537,1323.6688090577618,737.5687580573415,1.5822859153404787
13,2 semanas seguidas,youtube,2182.6129531652286,1546.7046509946854,2899.5792639379706,1935.4723946229299,1.5880013388024838
13,2 semanas seguidas,afiliados,572.7651317639942,150.07173103740982,1308.6846201566232,375.03701791258237,2.2236576121288696
13,2 semanas seguidas,display_programatico,408.67624055617773,108.24151976910147,935.9366783240191,330.00820293610343,2.438073671497585
13,2 semanas seguidas,TOTAL,7586.1701075832525,5380.0618620920495,10721.04187340065,6042.722400686781,2.6822900699979564
13,2 semanas seguidas,RAZAO_google_search,0.5281010473928496,0.32387649173223804,0.7355241990139456,,
13,2 semanas seguidas,RAZAO_meta,0.5102914217754502,0.3424972141268795,0.6859760327894312,,
13,2 semanas seguidas,RAZAO_tiktok,0.4608723847576551,0.2630775674689742,0.7039440738981791,,
13,2 semanas seguidas,RAZAO_youtube,0.5577010720228366,0.43503179008521015,0.6689504320413484,,
13,2 semanas seguidas,RAZAO_afiliados,0.47141881758862586,0.2819354811028255,0.7147630922244771,,
13,2 semanas seguidas,RAZAO_display_programatico,0.5127074723650039,0.3053815386191332,0.7501431789792259,,
13,2 semanas seguidas,RAZAO_TOTAL,0.5238908352856894,0.44506669972354274,0.6010154914432879,,
13,Bomba: 1 semana só,google_search,1807.1620652765655,317.13777300306504,4428.396077726971,1096.270252640027,5.364580139995913
13,Bomba: 1 semana só,meta,1614.3081075857463,607.6758483243817,3126.838796239538,1054.1014230350129,3.1005147096248793
13,Bomba: 1 semana só,tiktok,476.1511282817849,112.79399492959166,1232.4331357734582,639.0331909786094,3.1645718306809574
13,Bomba: 1 semana só,youtube,1975.3039862555165,1335.539832309486,2687.8495457172044,1791.354447275209,3.1760026776049677
13,Bomba: 1 semana só,afiliados,489.19948331051535,112.52478216004475,1177.737821240014,283.8194908449796,4.447315224257739
13,Bomba: 1 semana só,display_programatico,357.75965356489445,83.70922516772767,867.2281046020345,283.94441049751606,4.87614734299517
13,Bomba: 1 semana só,TOTAL,6719.884424275023,4636.409786159087,9584.443696089109,5148.523215271354,5.364580139995913
13,Bomba: 1 semana só,RAZAO_google_search,0.4680916556789035,0.24425619190415127,0.6979248558414168,,
13,Bomba: 1 semana só,RAZAO_meta,0.4423019167117305,0.2526771381803472,0.6383427625671697,,
13,Bomba: 1 semana só,RAZAO_tiktok,0.3955888792995905,0.17590320886158278,0.6663624571960249,,
13,Bomba: 1 semana só,RAZAO_youtube,0.5043282299010761,0.3731278993019265,0.6246717534771055,,
13,Bomba: 1 semana só,RAZAO_afiliados,0.4022348084102629,0.19192897948417956,0.6755894060671607,,
13,Bomba: 1 semana só,RAZAO_display_programatico,0.44674638986950105,0.21452646482721802,0.7170503030164925,,
13,Bomba: 1 semana só,RAZAO_TOTAL,0.4638543607415243,0.3787225278711096,0.5486241076872324,,
13,"Pulsos: 1 semana sim, 1 não",google_search,3739.7140740528407,831.1836596968179,9109.292299810482,3132.9962934899804,0.7663685914279875
13,"Pulsos: 1 semana sim, 1 não",meta,3433.8810310167623,1752.5236146192647,5753.639067004224,2089.710036306249,0.44293067280355414
13,"Pulsos: 1 semana sim, 1 não",tiktok,1094.0036673252978,326.1791012820024,2132.6666507852733,1264.925020313112,0.4520816900972796
13,"Pulsos: 1 semana sim, 1 não",youtube,3880.377335109672,3070.993330890772,4831.450176902366,2673.031829526023,0.453714668229281
13,"Pulsos: 1 semana sim, 1 não",afiliados,1153.6764101381516,318.8915400182822,2459.5002435256365,944.7561549091294,0.6353307463225341
13,"Pulsos: 1 semana sim, 1 não",display_programatico,761.649856266594,211.2623062150582,1615.2645802159027,710.4330579832001,0.6965924775707385
13,"Pulsos: 1 semana sim, 1 não",TOTAL,14063.302373909319,9978.164166442422,20040.940215798477,10815.852392527695,0.7663685914279875
13,"Pulsos: 1 semana sim, 1 não",RAZAO_google_search,0.9665711338486832,0.8398050716127631,1.0140524485801043,,
13,"Pulsos: 1 semana sim, 1 não",RAZAO_meta,0.9571954900137676,0.8448823621015139,1.0088460215028778,,
13,"Pulsos: 1 semana sim, 1 não",RAZAO_tiktok,0.9243064343500309,0.734768013480134,1.01667631616452,,
13,"Pulsos: 1 semana sim, 1 não",RAZAO_youtube,0.9915367816069981,0.9615887821333511,1.0080180678763406,,
13,"Pulsos: 1 semana sim, 1 não",RAZAO_afiliados,0.9316485414573874,0.7644027938100751,1.014304493426051,,
13,"Pulsos: 1 semana sim, 1 não",RAZAO_display_programatico,0.9492144384578594,0.7989196293559364,1.0154897034748742,,
13,"Pulsos: 1 semana sim, 1 não",RAZAO_TOTAL,0.9678864044998302,0.9282837286194345,0.995639319352449,,
52,Diluído: 52 semanas iguais,google_search,14487.105790218911,3233.207642390134,34583.33198668481,14542.275752950156,0.4126600107689164
52,Diluído: 52 semanas iguais,meta,13613.950335047926,7670.560610951333,21505.455440429927,8625.928939428062,0.2385011315096061
52,Diluído: 52 semanas iguais,tiktok,4463.8985097530685,1357.3915191013587,8336.351768553946,5412.103672911108,0.24342860236007363
52,Diluído: 52 semanas iguais,youtube,14752.290155052686,11932.446778676744,17959.90004193517,10634.638910070262,0.2443078982773052
52,Diluído: 52 semanas iguais,afiliados,4723.058929339774,1279.625341796252,9771.61638478476,4392.3528831177455,0.34210117109674915
52,Diluído: 52 semanas iguais,display_programatico,3027.633817103259,876.5541521202573,6190.875244585858,2862.90861727293,0.37508825715347466
52,Diluído: 52 semanas iguais,TOTAL,55067.93753651563,39736.47023229662,76748.19903548567,46470.20877575027,0.4126600107689164
52,Diluído: 52 semanas iguais,RAZAO_google_search,1.0,1.0,1.0,,
52,Diluído: 52 semanas iguais,RAZAO_meta,1.0,1.0,1.0,,
52,Diluído: 52 semanas iguais,RAZAO_tiktok,1.0,1.0,1.0,,
52,Diluído: 52 semanas iguais,RAZAO_youtube,1.0,1.0,1.0,,
52,Diluído: 52 semanas iguais,RAZAO_afiliados,1.0,1.0,1.0,,
52,Diluído: 52 semanas iguais,RAZAO_display_programatico,1.0,1.0,1.0,,
52,Diluído: 52 semanas iguais,RAZAO_TOTAL,1.0,1.0,1.0,,
52,Semestre seguido (26 semanas),google_search,9926.123175055798,2248.2615776773314,22803.60637812324,11014.76620891802,0.8253200215378328
52,Semestre seguido (26 semanas),meta,9557.090988168491,5405.896099471669,14440.335257396684,6767.618164172389,0.4770022630192122
52,Semestre seguido (26 semanas),tiktok,2960.415915553964,863.3872775415566,5522.197204099885,4189.797113185767,0.48685720472014726
52,Semestre seguido (26 semanas),youtube,10178.327850556481,8260.8393709612,12205.986986061844,8586.473038813134,0.4886157965546104
52,Semestre seguido (26 semanas),afiliados,3184.852435367521,874.7479436018135,6431.1283697999,2895.8759586069455,0.6842023421934983
52,Semestre seguido (26 semanas),display_programatico,2087.550988075201,612.730566264392,4112.388497702862,1895.7075483992865,0.7501765143069493
52,Semestre seguido (26 semanas),TOTAL,37894.36135277745,28049.670505658956,51881.75037259869,35350.23803209554,0.8253200215378328
52,Semestre seguido (26 semanas),RAZAO_google_search,0.6929584016749416,0.5945293213670481,0.7837749994256288,,
52,Semestre seguido (26 semanas),RAZAO_meta,0.7081478190660534,0.6149024264439547,0.7907769225100778,,
52,Semestre seguido (26 semanas),RAZAO_tiktok,0.6637725594680508,0.5810536087319139,0.7377720245539341,,
52,Semestre seguido (26 semanas),RAZAO_youtube,0.6912125556989099,0.6356543369299592,0.7452003129088026,,
52,Semestre seguido (26 semanas),RAZAO_afiliados,0.6825140722113194,0.5796667366889425,0.7754403517039636,,
52,Semestre seguido (26 semanas),RAZAO_display_programatico,0.6975954886018185,0.5877334466724128,0.7957118325401028,,
52,Semestre seguido (26 semanas),RAZAO_TOTAL,0.6900992277189401,0.6463956940904191,0.730262275565109,,
52,Trimestre seguido (13 semanas),google_search,6569.4169607076965,1489.0920063850372,15196.573229336525,6802.329464463805,1.6506400430756656
52,Trimestre seguido (13 semanas),meta,6375.790667963896,3436.219502524015,9871.174003074713,4553.466144141894,0.9540045260384244
52,Trimestre seguido (13 semanas),tiktok,1887.6206843318055,532.929591740344,3685.2174510013424,2637.5994376096432,0.9737144094402945
52,Trimestre seguido (13 semanas),youtube,6777.177161456699,5279.8957890761185,8295.10733456661,6190.193346906019,0.9772315931092208
52,Trimestre seguido (13 semanas),afiliados,2052.821845493069,576.2331659739206,4242.4053024783525,1739.7541825703624,1.3684046843869966
52,Trimestre seguido (13 semanas),display_programatico,1382.091808270504,406.3113081094727,2762.7890714316914,1171.7113059233243,1.5003530286138986
52,Trimestre seguido (13 semanas),TOTAL,25044.919128223668,18604.652806149617,34267.40494684088,23095.053881615047,1.6506400430756656
52,Trimestre seguido (13 semanas),RAZAO_google_search,0.4613803850822214,0.35298396491541945,0.5791395779783648,,
52,Trimestre seguido (13 semanas),RAZAO_meta,0.4735787751838462,0.36963557470450153,0.5780988599382839,,
52,Trimestre seguido (13 semanas),RAZAO_tiktok,0.4231775083906856,0.3281192219873586,0.5171143298771065,,
52,Trimestre seguido (13 semanas),RAZAO_youtube,0.46064923008315395,0.39418759743810305,0.5282353654552984,,
52,Trimestre seguido (13 semanas),RAZAO_afiliados,0.4439055180623144,0.3305173172298345,0.5624172768174485,,
52,Trimestre seguido (13 semanas),RAZAO_display_programatico,0.46518133992438687,0.33971080059569636,0.5907714296128186,,
52,Trimestre seguido (13 semanas),RAZAO_TOTAL,0.4569152401136154,0.4095322824722861,0.5049514929462129,,
52,1 mês seguido (4 semanas),google_search,3697.357576254705,764.0240157142298,8863.735860419598,2820.1552366766064,5.364580139995913
52,1 mês seguido (4 semanas),meta,3482.0649903665753,1571.6111912201975,6057.299106572327,2381.3185026623346,3.1005147096248793
52,1 mês seguido (4 semanas),tiktok,981.5832941452624,271.46505609144896,2209.4422927464366,1366.0448156701773,3.1645718306809574
52,1 mês seguido (4 semanas),youtube,3946.423144051773,2776.150503424328,5211.070012037959,3855.785934440141,3.1760026776049677
52,1 mês seguido (4 semanas),afiliados,1058.2158320571584,280.0977031749134,2351.953016436667,724.9593711359532,4.447315224257739
52,1 mês seguido (4 semanas),display_programatico,753.6361418572669,210.74097987472283,1604.6343919640926,587.8386621837124,4.87614734299517
52,1 mês seguido (4 semanas),TOTAL,13919.28097873274,10041.970140213638,19266.030971279008,11736.102522768924,5.364580139995913
52,1 mês seguido (4 semanas),RAZAO_google_search,0.25854488962810085,0.15351495381511335,0.38315179515964815,,
52,1 mês seguido (4 semanas),RAZAO_meta,0.2553498531884313,0.16625959733218978,0.35861283876397143,,
52,1 mês seguido (4 semanas),RAZAO_tiktok,0.2194464623539768,0.1287855790172996,0.33727326242261624,,
52,1 mês seguido (4 semanas),RAZAO_youtube,0.2680679831808916,0.20099502779758466,0.3353889437791797,,
52,1 mês seguido (4 semanas),RAZAO_afiliados,0.2309877665610398,0.13578841524408353,0.3582790844779106,,
52,1 mês seguido (4 semanas),RAZAO_display_programatico,0.25417523285042776,0.14499209122729143,0.3941219580757843,,
52,1 mês seguido (4 semanas),RAZAO_TOTAL,0.2541457210703147,0.21281201841954914,0.2996608946461998,,
52,1 mês a cada trimestre,google_search,9730.974530563202,2177.3697273174985,23147.063704740976,8491.271109993757,1.3411450349989782
52,1 mês a cada trimestre,meta,9030.306606455437,4493.99080250896,15237.722183502623,6043.918404852047,0.7751286774062198
52,1 mês a cada trimestre,tiktok,2776.8494416431336,814.1127971659884,5864.747277342114,3683.9355017607295,0.7911429576702393
52,1 mês a cada trimestre,youtube,10254.778736951303,7745.163443792155,13032.832539433259,8609.170000651538,0.7940006694012419
52,1 mês a cada trimestre,afiliados,2912.59742033543,817.9120515580636,6242.964698651772,2224.4277128065596,1.1118288060644348
52,1 mês a cada trimestre,display_programatico,2003.8329023409528,567.019946204344,4277.279418096921,1686.7994100929398,1.2190368357487924
52,1 mês a cada trimestre,TOTAL,36709.33963828946,26694.242607465705,51176.87140639624,30739.52214015757,1.3411450349989782
52,1 mês a cada trimestre,RAZAO_google_search,0.6737073446968761,0.48428222553213357,0.8583774556598277,,
52,1 mês a cada trimestre,RAZAO_meta,0.6575415802132711,0.5096485227007633,0.809100834468579,,
52,1 mês a cada trimestre,RAZAO_tiktok,0.6196862195403798,0.4313603652058537,0.8537566816143193,,
52,1 mês a cada trimestre,RAZAO_youtube,0.6950679475762948,0.5829629806553642,0.7966156529499894,,
52,1 mês a cada trimestre,RAZAO_afiliados,0.6275640891219071,0.4487345997001288,0.853575863381006,,
52,1 mês a cada trimestre,RAZAO_display_programatico,0.664716332732331,0.47114868525495535,0.8725590354679872,,
52,1 mês a cada trimestre,RAZAO_TOTAL,0.668008097148756,0.5954594904259818,0.7369685857572867,,
52,"Meses alternados (4 sim, 4 não)",google_search,12886.82575683688,2897.1302062096606,30791.888637401957,11803.90016721178,0.7663685914279875
52,"Meses alternados (4 sim, 4 não)",meta,11948.032984925963,6282.677405674296,19741.23012892518,7663.891288604035,0.44293067280355414
52,"Meses alternados (4 sim, 4 não)",tiktok,3763.922409683002,1123.9331241196123,7288.062704964116,4732.307510374475,0.4520816900972796
52,"Meses alternados (4 sim, 4 não)",youtube,13469.663276644374,10578.95318356102,16717.17723846725,10167.88347035148,0.453714668229281
52,"Meses alternados (4 sim, 4 não)",afiliados,3968.0945883606346,1108.9256609250021,8381.48116227388,3258.1867187604676,0.6353307463225341
52,"Meses alternados (4 sim, 4 não)",display_programatico,2643.5945498514548,756.5659546240971,5511.549901731685,2382.618990494956,0.6965924775707385
52,"Meses alternados (4 sim, 4 não)",TOTAL,48680.13356630231,35030.18031519879,67963.64904288235,40008.788145797196,0.7663685914279875
52,"Meses alternados (4 sim, 4 não)",RAZAO_google_search,0.8856175372203897,0.7329029083097691,1.005434669642806,,
52,"Meses alternados (4 sim, 4 não)",RAZAO_meta,0.8699215919873386,0.7486897424943887,0.978093637975443,,
52,"Meses alternados (4 sim, 4 não)",RAZAO_tiktok,0.8410741363480103,0.6713819167972231,1.0128205682422438,,
52,"Meses alternados (4 sim, 4 não)",RAZAO_youtube,0.9124664225137538,0.8303424435564264,0.9718265722160129,,
52,"Meses alternados (4 sim, 4 não)",RAZAO_afiliados,0.8457345664832615,0.6934079744628177,1.0072836583171598,,
52,"Meses alternados (4 sim, 4 não)",RAZAO_display_programatico,0.8724782418974876,0.7156656979902719,1.0104327489804472,,
52,"Meses alternados (4 sim, 4 não)",RAZAO_TOTAL,0.8841853422480263,0.8273368259358497,0.9363899600541937,,
