canal,multiplicador,gasto_mil,est,lo,hi,verdade
google_search,0.0,0.0,0.0,0.0,0.0,0.0
google_search,0.1,1679.929,26578.63375612508,5186.636767528068,73136.59957903839,6634.318967495232
google_search,0.2,3359.858,45918.42146241663,9581.817505780818,121152.66321286949,19007.3844986928
google_search,0.3,5039.787,61187.73641594084,13366.75432795977,152672.64314492707,33879.20530341584
google_search,0.4,6719.716,73756.0179002872,16638.937351461635,179255.75612509408,49606.84123616846
google_search,0.5,8399.645,84380.40481063542,19379.63638488966,201558.01827148398,65219.76528186088
google_search,0.6,10079.574,93533.55392600292,21935.54278677844,218154.3232452277,80164.59844487549
google_search,0.7,11759.503,101533.58394043548,24213.86175382451,233908.39680606636,94153.85248283365
google_search,0.8,13439.432,108606.03708303637,25996.62928462978,248010.65095660512,107066.06806637319
google_search,0.9,15119.361,114917.0927572516,27919.14086281401,260734.4111287117,118879.85286998624
google_search,1.0,16799.29,120592.89450685172,29177.52523992317,271791.5754754241,129631.18227648555
google_search,1.1,18479.219,125731.50701081805,30728.334262860735,281725.5170406164,139386.41371770937
google_search,1.2,20159.148,130410.67504171014,31781.90963009637,289673.3296585773,148225.6696059908
google_search,1.3,21839.077,134693.05505028163,32730.141913847892,298843.61482440063,156232.91632398468
google_search,1.4,23519.006,138629.85568282055,33723.24966083228,306119.70612715924,163490.28606503407
google_search,1.5,25198.935,142263.43904647705,34644.6948006982,313059.7664405765,170075.0384934604
google_search,1.6,26878.864,145629.2217779428,35364.98597938671,318546.2480156599,176058.1322654911
google_search,1.7,28558.793,148757.09169782663,36270.28120021285,324837.65377409424,181503.7536475447
google_search,1.8,30238.722,151672.48157460528,36885.25726595613,329209.3558885645,186469.39364435372
google_search,1.9,31918.651,154397.1952704622,37574.19658978863,335323.9013588745,191006.22123322592
google_search,2.0,33598.58,156950.0518861279,38227.55867231444,339213.8395087176,195159.5992762255
google_search,2.1,35278.509000000005,159347.39401787566,38898.004315866645,343666.924153902,198969.6518898536
google_search,2.2,36958.438,161603.49312023574,39538.81432154577,347434.1213731099,202471.8308168006
google_search,2.3,38638.367,163730.87596403185,40078.438686419955,350962.8247697479,205697.45225144847
google_search,2.4,40318.296,165740.58988760907,40623.690328142366,354455.23819788307,208674.1901096465
google_search,2.5,41998.225000000006,167642.42007053064,41122.816686915765,357997.71773385536,211426.52039694233
google_search,2.6,43678.154,169445.06883807457,41627.744893991665,361457.01155840285,213976.1163328
google_search,2.7,45358.083000000006,171156.30465173902,42060.250533281775,363692.0936484568,216342.19663165027
google_search,2.8,47038.012,172783.08670050724,42471.74649379986,366439.0177796199,218541.83070741378
google_search,2.9,48717.941,174331.66970562795,42933.810757327185,369638.7937166324,220590.20511039067
google_search,3.0,50397.87,175807.6925674221,43275.91106875724,374099.1130452241,222500.85556990013
meta,0.0,0.0,0.0,0.0,0.0,0.0
meta,0.1,1949.3060000000003,18465.61746002755,13163.039881394068,25863.16685558183,7219.24296321068
meta,0.2,3898.6120000000005,34278.92768347285,25051.037719413045,46178.06656458644,17946.210683575686
meta,0.3,5847.918000000001,48059.77701438378,35851.07036643124,63181.95387741647,29584.91166663407
meta,0.4,7797.224000000001,60227.02538537822,45582.1311071213,77969.98929964463,41213.1219572658
meta,0.5,9746.53,71080.8061953359,54338.93964645925,91030.87653858033,52391.708612981594
meta,0.6,11695.836000000001,80844.88857032068,62237.4175366451,102679.48491134,62915.852786506766
meta,0.7,13645.142,89691.09325710233,69286.74078616001,112840.75951901478,72706.23152807177
meta,0.8,15594.448000000002,97754.42804541982,75703.96783946578,122650.10480298928,81752.04380339295
meta,0.9,17543.754,105142.97646670516,81767.99448210723,131442.11855099615,90079.11620460892
meta,1.0,19493.06,111944.62433341892,87372.20124051507,139495.3722676202,97731.60698673641
meta,1.1,21442.366,118231.78500625184,92580.12681739382,147260.58454028453,104761.47815453679
meta,1.2,23391.672000000002,124064.80782567558,97319.56940826688,154938.3284768054,111222.51443354347
meta,1.3,25340.978000000003,129494.49196555853,101322.04387572318,161846.53292981567,117167.03071368733
meta,1.4,27290.284,134563.97608246334,104999.5736349284,168423.73334620567,122644.17069072675
meta,1.5,29239.590000000004,139310.18235820395,108644.89050543874,174583.07676049403,127699.1406435624
meta,1.6,31188.896000000004,143764.93608424548,112073.06211641885,180651.70601908572,132372.98365125235
meta,1.7,33138.202000000005,147955.84487590115,114990.92015546792,186185.7401897797,136702.65646781173
meta,1.8,35087.508,151906.99706550856,117708.17311771015,191521.0311118758,140721.26628243414
meta,1.9,37036.814,155639.52220154722,120336.93183809338,196615.4067628242,144458.3824141054
meta,2.0,38986.12,159172.0450919787,123069.27444775504,201069.03933490123,147940.37325571882
meta,2.1,40935.42600000001,162521.05674574588,125273.91324532141,206202.44431680965,151190.74027337233
meta,2.2,42884.732,165701.21978519266,127135.19995473004,210593.14228455364,154230.43390247494
meta,2.3,44834.038,168725.62170738657,129152.3833888534,214904.3395471544,157078.14401406085
meta,2.4,46783.344000000005,171605.98628809507,130813.88169311074,218748.89116106872,159750.5622505659
meta,2.5,48732.65,174352.8511269129,132341.16043501842,222530.99832936516,162262.6161847885
meta,2.6,50681.956000000006,176975.71760488776,134050.10829778828,226531.3630333362,164627.67670421168
meta,2.7,52631.26200000001,179483.17821300053,135561.37352062837,230282.20543295768,166857.74074073933
meta,2.8,54580.568,181883.02520223733,137109.42071272596,234094.38622525762,168963.59174852795
meta,2.9,56529.874,184182.34372591623,138438.4475010433,237730.3370857293,170954.94036301412
meta,3.0,58479.18000000001,186387.59203607487,139693.64046535973,240928.0045136322,172840.54756524277
tiktok,0.0,0.0,0.0,0.0,0.0,0.0
tiktok,0.1,584.6229999999999,16516.91127396296,9563.849592291339,25837.31232108546,2393.4049997005345
tiktok,0.2,1169.2459999999999,28825.500977507552,17261.454480445558,43357.81420891812,8634.911985644903
tiktok,0.3,1753.8689999999995,38598.328806707694,23665.718576415627,56441.894037862774,16835.60812144641
tiktok,0.4,2338.4919999999997,46658.87955296629,28815.753187433274,67467.86255838817,25454.71207621564
tiktok,0.5,2923.1149999999993,53484.29123384266,33309.565795485934,76523.73347346195,33655.011079540825
tiktok,0.6,3507.737999999999,59377.54652890381,37348.007121164526,84544.9533121131,41111.50226339622
tiktok,0.7,4092.360999999999,64543.408301362186,40841.219979588095,91407.37821597327,47768.019239640285
tiktok,0.8,4676.9839999999995,69126.77440313244,44028.769087410335,97501.77500230374,53681.592056846115
tiktok,0.9,5261.606999999999,73233.90499051838,47119.266102529175,102676.4796305845,58944.182886532086
tiktok,1.0,5846.229999999999,76944.98952613778,49467.330534846544,107444.26991642638,63649.06160756607
tiktok,1.1,6430.852999999999,80321.98647366457,51841.99948805336,111324.939734168,67878.84540378883
tiktok,1.2,7015.475999999998,83413.72435784915,53781.862065570625,115437.67046920802,71702.89954199779
tiktok,1.3,7600.098999999998,86259.3383636568,55795.3463838093,119119.98012310624,75178.28481280412
tiktok,1.4,8184.721999999998,88890.65442105722,57769.813350442804,122966.4887258257,78351.73336447187
tiktok,1.5,8769.344999999998,91333.88510941491,59590.94560589328,126324.00553653028,81261.66349093431
tiktok,1.6,9353.967999999999,93610.86252310849,61130.196496448894,129216.63358636819,83939.90733902452
tiktok,1.7,9938.590999999997,95739.9517412601,62437.274740018394,132053.11551991454,86413.09265560893
tiktok,1.8,10523.213999999998,97736.73912666971,63619.3792844907,134335.06578103921,88703.71450341798
tiktok,1.9,11107.836999999998,99614.55878777102,64959.296891526545,136705.5203484427,90830.95697957557
tiktok,2.0,11692.459999999997,101384.90070334957,66311.27889737826,138788.53269463946,92811.32271148838
tiktok,2.1,12277.082999999997,103057.73096908948,67335.67435851014,140758.61605711334,94659.1177430425
tiktok,2.2,12861.705999999998,104641.74586697327,68362.41029057672,142761.43782155612,96386.82849691642
tiktok,2.3,13446.328999999996,106144.57546325076,69213.89326038522,144666.22981953982,98005.41816810713
tiktok,2.4,14030.951999999996,107572.94826500643,70086.0062028919,146436.81349714924,99524.56263348326
tiktok,2.5,14615.574999999997,108932.82551087766,71139.63468888353,148719.6749941032,100952.84054480933
tiktok,2.6,15200.197999999997,110229.5115507555,71954.41480597814,150443.25395481056,102297.88832751881
tiktok,2.7,15784.820999999998,111467.74522679798,72733.082127648,152066.4179939452,103566.52796576217
tiktok,2.8,16369.443999999996,112651.77603240749,73488.97805241315,153892.75161980756,104764.8734145316
tiktok,2.9,16954.066999999995,113785.42798019966,74284.36892237344,155334.2002058168,105898.42001347273
tiktok,3.0,17538.689999999995,114872.15347373155,74881.29194049703,156909.63988948712,106972.12021777457
youtube,0.0,0.0,0.0,0.0,0.0,0.0
youtube,0.1,445.9870000000001,7406.136818613701,2053.943136786018,16262.11506957571,3605.168002705257
youtube,0.2,891.9740000000002,12328.509814849209,3594.3150164580147,25679.496249346004,8208.47000858279
youtube,0.3,1337.9610000000002,16063.382482392071,4750.9829803323,32680.58879958492,12831.391014804176
youtube,0.4,1783.9480000000003,19064.7044006448,5650.38196969201,38336.58897711789,17242.176369643
youtube,0.5,2229.9350000000004,21561.531499166776,6408.6677482895675,43067.98432631005,21371.99535205392
youtube,0.6,2675.9220000000005,23688.62813266471,7181.250812266962,46411.77251040605,25210.05166431979
youtube,0.7,3121.9090000000006,25532.863732704067,7745.232557458046,49835.56415704502,28767.796474486775
youtube,0.8,3567.8960000000006,27153.807038992414,8233.47589585406,52692.165174348316,32064.789845228177
youtube,0.9,4013.8830000000007,28594.19135139821,8664.463309633928,55409.312102541255,35122.762227796615
youtube,1.0,4459.870000000001,29885.751428788077,9046.887825044125,57862.76199224808,37963.08501955365
youtube,1.1,4905.857000000001,31052.710578916725,9387.354764128118,59945.95395639204,40605.73811048505
youtube,1.2,5351.844000000001,32113.97763028272,9827.18144981213,61663.99205265726,43068.954816644095
youtube,1.3,5797.831000000001,33084.5911575713,10138.846218098752,63214.96524956121,45369.17497842989
youtube,1.4,6243.818000000001,33976.70251622533,10305.94949791447,65025.784887071444,47521.13407042797
youtube,1.5,6689.805000000001,34800.26473006825,10519.39537494333,66402.69842294227,49538.006414626696
youtube,1.6,7135.792000000001,35563.52734192661,10711.536246194002,67494.83627913018,51431.56338741013
youtube,1.7,7581.779000000001,36273.399537572,10933.863585163012,68926.95734856084,53212.32833311447
youtube,1.8,8027.766000000001,36935.72160031488,11227.623600408915,70373.70008261918,54889.72018648897
youtube,1.9,8473.753,37555.47117809611,11340.713374328505,71179.39991007523,56472.18290805367
youtube,2.0,8919.740000000002,38136.922303471736,11447.368165046262,72315.27210846708,57967.30032991603
youtube,2.1,9365.727000000003,38683.76958541357,11596.11657235541,73167.4178879622,59381.897175020844
youtube,2.2,9811.714000000002,39199.2263362221,11663.723381645055,74717.9760535156,60722.12749946918
youtube,2.3,10257.701000000001,39686.10292445373,11791.673222010048,75670.97985595906,61993.5519506289
youtube,2.4,10703.688000000002,40146.86994037398,11916.123283031795,76815.16417407228,63201.20520821303
youtube,2.5,11149.675000000003,40583.70956507094,12036.764874908455,77429.70702317082,64349.6548729746
youtube,2.6,11595.662000000002,40998.55768277338,12177.617638057161,78427.66142166499,65443.05293588109
youtube,2.7,12041.649000000003,41393.13866053631,12312.25590278149,79384.11243525667,66485.1808239082
youtube,2.8,12487.636000000002,41768.99426892475,12452.653353873251,80085.18527353543,67479.48888872945
youtube,2.9,12933.623000000001,42127.50788350659,12563.679383241608,80883.01375458854,68429.1310867048
youtube,3.0,13379.610000000002,42469.92485686922,12698.009933284056,81676.96593399282,69336.9954943127
afiliados,0.0,0.0,0.0,0.0,0.0,0.0
afiliados,0.1,844.8119999999999,15337.4264864657,5635.87854897631,30695.434620646032,18501.731721412638
afiliados,0.2,1689.6239999999998,27293.17060719583,10503.793477582733,52619.04582316987,35309.97891695237
afiliados,0.3,2534.4359999999997,37119.293066415725,14688.0464702847,69308.80138993835,49547.0862832827
afiliados,0.4,3379.2479999999996,45436.47445679472,18283.316870054914,81829.14551667856,61605.18469332716
afiliados,0.5,4224.0599999999995,52617.90839539749,21446.483308101175,93040.88708253296,71897.71116216891
afiliados,0.6,5068.871999999999,58910.75640158652,24234.654069805052,101598.0846536468,80764.92799970081
afiliados,0.7,5913.683999999999,64488.936444535335,26958.88991669658,109964.02270207343,88474.09415979116
afiliados,0.8,6758.495999999999,69480.13109710229,29034.30736641856,117042.81444550189,95233.54032050977
afiliados,0.9,7603.307999999999,73981.10513097922,30834.255531887935,123995.50336473617,101206.36165072263
afiliados,1.0,8448.119999999999,78067.04173684848,32598.94332914567,129983.41187706531,106521.31977145949
afiliados,1.1,9292.931999999999,81797.54689614943,34255.84330463683,134626.58994823458,111281.06621901217
afiliados,1.2,10137.743999999999,85220.67588211538,35731.085027983325,139102.63712183113,115568.25461648204
afiliados,1.3,10982.555999999999,88375.72585306097,37055.77194913676,142932.98229836946,119450.08195559136
afiliados,1.4,11827.367999999999,91295.22722900036,38192.43145265772,146642.98236946343,122981.68180475174
afiliados,1.5,12672.179999999998,94006.39733196558,39364.43636037335,150238.0070469345,126208.68061809371
afiliados,1.6,13516.991999999998,96532.22294332056,40538.3603088462,154472.84022179418,129169.14144912905
afiliados,1.7,14361.803999999998,98892.28061645577,41619.98958175168,157821.64139819721,131895.05600100267
afiliados,1.8,15206.615999999998,101103.36779981207,42406.607091870355,161199.7804546458,134413.50078576524
afiliados,1.9,16051.427999999998,103179.99498528035,43192.845648662784,164444.05650885485,136747.54119596907
afiliados,2.0,16896.239999999998,105134.77412397075,43986.65787136093,168261.743597616,138916.9446322943
afiliados,2.1,17741.052,106978.72850275651,44623.84130181289,171213.1417102739,140938.74768663562
afiliados,2.2,18585.863999999998,108721.54238989804,45234.98193991617,173857.32919347912,142827.71079506387
afiliados,2.3,19430.675999999996,110371.76395236938,45781.79482426197,176171.7239552864,144596.68539381726
afiliados,2.4,20275.487999999998,111936.97153696296,46301.04707029289,178669.72489570806,146256.91249594218
afiliados,2.5,21120.299999999996,113423.91095014462,46802.167062723915,181275.46701464138,147818.2671052122
afiliados,2.6,21965.111999999997,114838.60957706494,47272.679712564845,183659.10752526467,149289.4595428629
afiliados,2.7,22809.924,116186.47185298608,47917.544128654416,185922.62090191277,150678.20226186718
afiliados,2.8,23654.735999999997,117472.35960760334,48482.675841874174,187013.50069404353,151991.34883646673
afiliados,2.9,24499.547999999995,118700.66005220266,49047.79620451791,189276.57725188395,153235.0103797419
afiliados,3.0,25344.359999999997,119875.3436066312,49530.90173846553,191347.78341923864,154414.65354268026
display_programatico,0.0,0.0,0.0,0.0,0.0,0.0
display_programatico,0.1,484.49399999999997,4062.4130564152156,937.5914492522763,11347.415861660527,4810.374031840651
display_programatico,0.2,968.9879999999999,6755.968949140064,1721.452092784601,17042.114156210515,9536.61398961776
display_programatico,0.3,1453.4819999999997,8808.58304772124,2373.9221078541345,21133.913270476627,13518.793434831498
display_programatico,0.4,1937.9759999999999,10468.743013980262,2922.3274381857764,24180.204597957614,16836.3375837699
display_programatico,0.5,2422.47,11859.318732439257,3380.883435736705,26619.070432098513,19621.7977987527
display_programatico,0.6,2906.9639999999995,13051.965520851087,3801.765132145224,28404.151108345523,21988.703467615152
display_programatico,0.7,3391.4579999999996,14092.719208956341,4195.006447115318,30417.7421014344,24024.716877370956
display_programatico,0.8,3875.9519999999998,15013.129353816208,4558.877038273866,31854.70474100539,25796.062389910523
display_programatico,0.9,4360.446,15835.848281003777,4858.9519172242735,33797.44189215087,27352.860630451938
display_programatico,1.0,4844.94,16577.725835223468,5186.93778304381,34951.82728960361,28733.42741415278
display_programatico,1.1,5329.434,17251.65050450084,5424.539818689536,36241.30636215549,29967.431910488456
display_programatico,1.2,5813.927999999999,17867.70673691509,5621.260703356673,37598.80728495134,31078.157733947217
display_programatico,1.3,6298.422,18433.93492613519,5809.768308144783,38274.02797799141,32084.117255783152
display_programatico,1.4,6782.915999999999,18956.84858042171,6002.8877873240635,38911.55121357224,33000.21169856612
display_programatico,1.5,7267.41,19441.796848851332,6201.6643884589685,40103.501408646596,33838.57360835964
display_programatico,1.6,7751.9039999999995,19893.225107237733,6359.377494728688,41179.386582357605,34609.18608437957
display_programatico,1.7,8236.398,20314.866351190747,6477.2248616541465,41932.076687736866,35320.34362831383
display_programatico,1.8,8720.892,20709.884427581226,6590.944534768589,42306.78204401406,35978.99936471591
display_programatico,1.9,9205.385999999999,21080.983001317418,6724.058842286804,42822.683448671574,36591.02976623177
display_programatico,2.0,9689.88,21430.489670912677,6859.289398850159,43294.11123145834,37161.43876931964
display_programatico,2.1,10174.374,21760.421750182064,6979.657981760637,43696.08246566142,37694.5168388682
display_programatico,2.2,10658.868,22072.53831663189,7053.36010191614,44128.31812397438,38193.966169480635
display_programatico,2.3,11143.361999999997,22368.381830850543,7118.687510032644,44462.89693342252,38663.00015992061
display_programatico,2.4,11627.855999999998,22649.31173749732,7180.064520496871,44819.32001388833,39104.423143550215
display_programatico,2.5,12112.349999999999,22916.531831497945,7254.807696644467,45170.68438812998,39520.69482073144
display_programatico,2.6,12596.844,23171.11272620222,7326.911158127287,45750.68348967806,39913.982730624084
display_programatico,2.7,13081.338,23414.010437185912,7377.112322978584,46086.988552116534,40286.20529186461
display_programatico,2.8,13565.831999999999,23646.081858712776,7448.1834933685495,46500.64828369431,40639.06734682676
display_programatico,2.9,14050.326,23868.09773440162,7554.588980066268,46944.75669766395,40974.08970209541
display_programatico,3.0,14534.82,24080.75359209152,7640.930266261207,47195.5665761497,41292.633826204015
