semana,real,predito,ic_lo,ic_hi,baseline,teste
2023-01-02,2349.0,2499.435377443668,2364.947417071274,2629.859467231752,1619.7112280497115,False
2023-01-09,3329.7,3153.9601913394176,3046.6058819057166,3259.5015185514385,1630.057536969536,False
2023-01-16,2926.2,2813.7281575372845,2735.6019522317392,2890.171644108824,1652.3209889631355,False
2023-01-23,2943.1,2958.527595315049,2886.6503164644273,3032.011208124771,1666.1532416013997,False
2023-01-30,3031.0,2889.508926130814,2814.0613265192314,2960.901573083179,1680.1219169337035,False
2023-02-06,2857.4,2888.844861551925,2816.369360898885,2959.557288332431,1700.566324083705,False
2023-02-13,3081.3,2910.0669668831315,2842.14516495553,2976.454378756368,1730.2139018402324,False
2023-02-20,2413.9,2575.05694004583,2478.433961614789,2676.534882196266,1344.529739045746,False
2023-02-27,3004.2,3156.189212271424,3082.251178846414,3230.6603628888092,1790.894164194068,False
2023-03-06,2860.7,2892.455120583346,2819.268315692748,2968.304019653299,1826.6602122538002,False
2023-03-13,2722.2,2918.9610274324305,2843.7474294379767,2994.193027399735,1863.3332301126566,False
2023-03-20,3052.4,2959.8178671437613,2880.4665585081448,3038.8611292177357,1900.0538204996863,False
2023-03-27,3035.2,3113.9673204815067,3046.083996429735,3183.647105519007,1938.1101030235375,False
2023-04-03,3061.4,2984.5925644117287,2894.399524428232,3066.215486259163,1766.7718365259145,False
2023-04-10,3284.2,3047.36644878992,2966.5364634344674,3126.256179251475,2006.7865891272102,False
2023-04-17,2767.0,2817.8632189827276,2738.9577377600085,2897.0510774369213,1831.394019832437,False
2023-04-24,3145.3,3245.1276012966164,3161.9524480481,3328.810032937861,2059.751862395088,False
2023-05-01,3019.6,3017.1721789887324,2937.8295537553863,3099.741464457519,1876.0414175454105,False
2023-05-08,3222.8,3179.4464858447805,3111.6434238255742,3246.218157675372,2103.219468108252,False
2023-05-15,2840.2,2935.6025732988282,2866.5746771003305,3003.107787583,2111.771698526514,False
2023-05-22,2835.5,2920.9346429166526,2850.860133913079,2989.4055885056055,2118.022528573541,False
2023-05-29,2898.1,2859.7117248519553,2779.7582667521365,2939.8464926075367,2123.2367504554077,False
2023-06-05,2661.5,2651.843915909263,2573.9508766747153,2735.082151600867,1909.5823237880256,False
2023-06-12,2539.8,2814.0419173607465,2730.5844784765072,2898.6700078127346,2107.4183343790573,False
2023-06-19,2736.7,2882.578776166202,2797.6517775267002,2964.080288617418,2092.1752805422298,False
2023-06-26,3384.7,3260.0031333407983,3179.0534586906138,3338.942283577974,2071.4876060001266,False
2023-07-03,3225.7,3175.4220816277884,3099.884526105208,3252.6696755786793,2050.1958008561887,False
2023-07-10,3086.7,3191.5713427176343,3119.1510690887603,3261.2883485090997,2023.5203523337561,False
2023-07-17,3115.1,3142.168240439131,3071.1659206446725,3212.4420169777422,1999.0926744634553,False
2023-07-24,3180.0,3122.0713422519093,3050.143736308212,3192.443817632434,1971.0334837235525,False
2023-07-31,3201.2,3057.37345335996,2988.586641970577,3125.4375122025167,1949.7547547330164,False
2023-08-07,3012.5,3067.5703689692027,2996.551430185091,3135.6842997830113,1931.5030585959869,False
2023-08-14,3060.5,3083.165086394001,3017.7655567716397,3144.4022969786593,1909.167935964392,False
2023-08-21,3233.9,3127.649216779571,3064.8339841454804,3188.601754112826,1888.687062847386,False
2023-08-28,3176.4,3139.3695620726944,3081.1504627750987,3198.6788863333186,1872.7222570875883,False
2023-09-04,3159.0,2997.229347560218,2918.9926506333404,3075.1682313930355,1646.0250311298314,False
2023-09-11,2856.2,2919.2635140905454,2856.171812085411,2981.6229905030095,1848.3076006196318,False
2023-09-18,2995.9,2956.434891722258,2898.8352889457224,3012.0971332073277,1842.5309620381688,False
2023-09-25,2938.4,2813.61387181778,2744.30730990709,2876.7282058867268,1840.6821444563077,False
2023-10-02,2913.6,2814.9820751512457,2750.687302540253,2877.63113557874,1837.7070482042957,False
2023-10-09,2901.9,2851.5469296673045,2776.508410359237,2926.2304541646286,1625.0310625929437,False
2023-10-16,2835.8,2873.928843556378,2801.368160833346,2942.760749098335,1825.2295162255368,False
2023-10-23,2639.1,2776.693201360099,2694.777493673357,2854.9082403425527,1821.2120105220722,False
2023-10-30,2631.4,2609.817077354358,2529.86017568361,2693.689948585902,1617.593033644191,False
2023-11-06,3157.9,3090.075766666992,2979.4823050696205,3204.7278287639037,2111.45689687163,False
2023-11-13,2818.2,2841.5482599055345,2725.5294617427357,2951.3104385198776,1906.83936729166,False
2023-11-20,3977.0,3953.360064730612,3829.722261782089,4084.427226565836,1815.1454410638446,False
2023-11-27,4044.3,3968.3934714602783,3837.772270601541,4098.555212971032,1813.7986425972776,False
2023-12-04,3187.9,3248.6210381772235,3154.5176178100014,3339.9375099613853,1943.0987152923508,False
2023-12-11,3014.9,3159.5972209385095,3067.9882240044376,3252.03720829363,1943.8095033869045,False
2023-12-18,2814.9,2806.4011356996566,2718.375933073436,2894.645679763234,1947.300360136077,False
2023-12-25,2581.6,2540.299248746073,2443.551749132877,2638.1199860735683,1742.9130711704727,False
2024-01-01,2627.6,2490.585367574332,2386.5953661946614,2597.4365539943306,1637.018373853445,False
2024-01-08,2929.0,2758.8419601946,2670.1630098002224,2844.732987813426,1858.3142251904142,False
2024-01-15,2904.5,2766.8643652900773,2694.15297411584,2840.196432569763,1876.115756781512,False
2024-01-22,2577.5,2659.7128349681634,2586.7219362333462,2731.105621630051,1897.420475539825,False
2024-01-29,2839.7,2949.3631201773287,2872.858450315129,3026.208265841305,1919.318782467598,False
2024-02-05,2658.1,2719.5813227220387,2651.5988639301054,2784.912341245195,1949.4935650258083,False
2024-02-12,2306.1,2310.599699453729,2209.786477083294,2413.0319179103335,1564.7145240680943,False
2024-02-19,2636.1,2808.625645465367,2733.366526686923,2883.4001010279753,2010.598673465672,False
2024-02-26,2739.2,2852.1448103100215,2771.3695726850956,2929.8870594906302,2045.8424965712652,False
2024-03-04,2773.1,2739.1509544556184,2662.3579202581645,2816.5372097886225,2082.415079234202,False
2024-03-11,2775.4,2764.4647925571658,2681.0556481146027,2845.907847697903,2125.055290354334,False
2024-03-18,2877.6,2899.2818137796876,2815.1644312095686,2979.048410196866,2165.135795586695,False
2024-03-25,2913.6,2810.3053900727346,2724.0727062540122,2894.46764591906,2001.97291110161,False
2024-04-01,3177.1,3253.021868671527,3169.490304463897,3333.2936973136766,2253.3402640414815,False
2024-04-08,3385.3,3143.984229041166,3067.3157052782176,3216.6286231167537,2288.7759347885103,False
2024-04-15,3095.1,3167.6605461863383,3087.2220818918727,3248.164546974527,2111.9319908087823,False
2024-04-22,3182.2,3259.6565076192887,3191.2382373504843,3327.9182496857115,2350.4234760812446,False
2024-04-29,3121.4,3124.3253215810078,3044.166493499835,3204.4089828294127,2167.9228331363743,False
2024-05-06,3332.1,3328.7247328076833,3263.5147944643318,3395.693650033075,2391.0422305983166,False
2024-05-13,3556.0,3616.298150666698,3543.4998200946825,3690.7310838692715,2401.5030011769554,False
2024-05-20,3609.4,3347.895303541663,3277.5760524279717,3420.160250941951,2410.065638685961,False
2024-05-27,3088.5,3206.3739351813365,3126.376812422328,3285.703241963053,2205.5401200554898,False
2024-06-03,3888.9,3856.3067969482227,3765.3605318300006,3948.1537702177543,2406.76947757777,False
2024-06-10,3472.2,3460.3849789753785,3390.1809514222077,3525.3996835032412,2400.7251445701036,False
2024-06-17,3216.9,3400.471221174181,3336.4817245798217,3463.2567062488865,2392.2558185977564,False
2024-06-24,3500.4,3371.630130274345,3312.739058159579,3426.6995370697864,2382.7498941488166,False
2024-07-01,3553.7,3377.4622680470634,3313.610673872465,3438.288524173606,2371.59173171469,False
2024-07-08,3285.9,3367.6394313423757,3312.866823838461,3419.7195180441922,2355.8025623314556,False
2024-07-15,3371.5,3333.841036932768,3278.157316326086,3386.8607752648372,2334.3854301787014,False
2024-07-22,3181.6,3323.5491648065818,3268.4700412020857,3378.613427143863,2312.6967000016766,False
2024-07-29,3348.1,3474.1058183884184,3418.003880325776,3531.375041666831,2294.777885856471,False
2024-08-05,3791.3,3647.962665773935,3574.7320063746333,3717.4390274156044,2269.8602582025983,False
2024-08-12,3386.0,3437.807074850561,3377.819223601845,3499.1738549834895,2257.9542492347805,False
2024-08-19,3117.1,3234.2880038957514,3174.3195104592814,3293.434161834685,2243.4944675528677,False
2024-08-26,3333.2,3254.41959959143,3200.563129189137,3311.69988169701,2229.7875710812305,False
2024-09-02,3146.3,3153.7490752238073,3088.1288538883364,3219.25120134192,2014.6214643444214,False
2024-09-09,3227.1,3240.230144210355,3182.5382124789367,3300.631242581138,2213.598017162709,False
2024-09-16,3333.5,3206.7426335866435,3148.693941712498,3265.6934001427026,2208.5740150106326,False
2024-09-23,3167.9,3360.04148032441,3286.243364606967,3427.727950909805,2203.714651711225,False
2024-09-30,3442.6,3646.62449328549,3563.6795459612604,3722.9315431702685,2207.110016022091,False
2024-10-07,3173.7,3168.8273603457983,3080.9931764947364,3256.429477380617,2006.0190478055054,False
2024-10-14,3534.7,3553.6346947669017,3470.7408118804397,3631.292652887916,2213.689967558147,False
2024-10-21,3601.7,3540.589147466835,3455.1413725904886,3623.446611819107,2217.144927974731,False
2024-10-28,3117.3,3238.8351032015503,3150.009456969191,3328.5844661853644,2010.5693035531212,False
2024-11-04,3558.8,3566.594335313323,3453.913935797685,3683.420610857383,2501.8797865384345,False
2024-11-11,3234.8,3411.2880483625513,3305.489569012962,3517.2987957397104,2301.025439105398,False
2024-11-18,3859.3,3725.2705579159365,3607.6810830410186,3843.8426342863545,2305.142963863105,False
2024-11-25,4413.2,4512.743445880502,4377.391057903628,4648.877392084682,2224.78428863767,False
2024-12-02,3596.6,3462.3979922671524,3372.144766179908,3553.770009145242,2356.691639748688,False
2024-12-09,3197.4,3344.2760226718515,3257.9470351937375,3430.1843170038924,2365.627530392677,False
2024-12-16,3497.4,3296.681331429397,3212.943294102291,3383.8847994259436,2372.881569288782,False
2024-12-23,3292.7,3214.4191655817917,3128.5074219833077,3300.9552139043735,2175.6173773154433,False
2024-12-30,3134.4,3258.7438755498038,3168.4835944321035,3348.8560100271843,2190.3742787561278,False
2025-01-06,3392.8,3575.2394297173387,3490.2500397783706,3665.7288186889236,2295.4804517378866,False
2025-01-13,3485.7,3410.7431502171994,3331.513667104047,3492.0613939757104,2312.583245073416,False
2025-01-20,3913.0,3787.187341192903,3707.5379884567587,3870.0632900273213,2327.5714014426694,False
2025-01-27,3642.7,3642.5630704767295,3573.4726738694217,3712.6373065601197,2356.538907188889,False
2025-02-03,3393.8,3475.9973150653454,3401.9774134006607,3544.9351244186237,2382.251769344597,False
2025-02-10,3487.7,3483.0538123032134,3413.2944073553035,3549.804388872458,2414.2111545631033,False
2025-02-17,3444.0,3529.646934960538,3466.753034637289,3592.7811568833968,2449.7273383473384,False
2025-02-24,3409.7,3743.9552590330104,3670.530713688356,3814.6120388141367,2486.127065183922,False
2025-03-03,3236.6,3230.1442457901267,3125.6765278297958,3326.5362167503977,2113.8369550922894,False
2025-03-10,3848.2,3790.6265132394155,3727.1980713958214,3852.2049666101616,2562.786478724864,False
2025-03-17,4150.9,3970.467998876965,3905.0406828477135,4033.850980386219,2603.270251258828,False
2025-03-24,4054.7,3763.5814118378444,3702.221657988062,3824.220739313597,2648.100261647159,False
2025-03-31,4020.3,3898.4561162303394,3835.042979305399,3961.8982269275944,2687.3621684388972,False
2025-04-07,3889.3,3892.4981087050774,3830.7042920907593,3954.620282949385,2723.2011064875273,False
2025-04-14,3848.5,3714.430349599769,3642.1367802035647,3783.3922872100206,2548.211804494357,False
2025-04-21,3601.4,3616.257134550415,3537.7302229442043,3689.0080008610407,2575.3504800480728,False
2025-04-28,3680.7,3698.278679029386,3624.2227417697563,3769.282000655743,2593.424164030389,False
2025-05-05,3606.6,3746.3319902450007,3676.3882906240515,3812.3885927441197,2812.0816410898296,False
2025-05-12,3468.5,3678.125593246693,3605.2043156349264,3746.641593172276,2827.3537011987532,False
2025-05-19,3795.7,3765.260590081303,3692.9127952753,3836.065758784408,2832.9596911640306,False
2025-05-26,3752.4,3723.8261752309577,3650.958096615296,3796.7539928730516,2830.7553450996666,False
2025-06-02,3720.0,3590.5215386263253,3512.3852641321705,3665.5970697035955,2827.40562076768,False
2025-06-09,3968.4,3876.3844620067875,3786.281560258052,3962.112466248234,2821.8184532354344,False
2025-06-16,3622.8,3576.3685625547832,3485.7328968254847,3669.932135341096,2596.7817607124507,False
2025-06-23,3786.2,3736.3820102839386,3653.777426835004,3819.793481190331,2783.6837137421617,False
2025-06-30,3745.5,3738.6206240420706,3660.040236397368,3816.3731584902976,2759.8385283560983,False
2025-07-07,3817.0,3799.268339497561,3720.604938170323,3876.196477760396,2744.0493589728635,False
2025-07-14,3947.6,4125.293270263419,4045.9539149147213,4208.43814579791,2721.8795903907235,False
2025-07-21,3838.6,3751.811590707376,3660.8306851040265,3841.4694728051204,2690.863752107092,False
2025-07-28,3901.7,3825.985956266797,3733.7692661230094,3915.7566299378454,2667.381012002214,False
2025-08-04,3580.5,3658.7550421099368,3547.485252360852,3766.0433506544277,2645.1245609381035,False
2025-08-11,3725.7,3672.5773728962254,3546.8000427751895,3790.365055398671,2622.3861710049064,True
2025-08-18,3542.5,3574.1243429569718,3432.3267555066573,3706.940463979428,2601.5559287601154,True
2025-08-25,3725.3,3863.889782437643,3719.145169167097,3998.6244502706136,2590.456310704423,True
2025-09-01,3244.6,3296.0804381293738,3138.7209774621433,3442.68422171266,2369.7262780079413,True
2025-09-08,3616.5,3449.2994532827747,3289.6463425344446,3599.4342632213816,2563.3804776467027,True
2025-09-15,3691.1,3531.3730239007004,3373.411760035615,3681.927634930948,2554.996560649296,True
2025-09-22,3522.1,3496.8415906392192,3347.684268499628,3638.7781538952095,2553.497112195219,True
2025-09-29,3809.8,3537.3881240576775,3381.150758818729,3686.5395260255405,2547.9147375272623,True
2025-10-06,3561.5,3611.1191265083535,3455.0146985423553,3746.3898738597345,2336.340757473082,True
2025-10-13,4174.9,3671.1523121084174,3504.8459361591686,3828.543156591108,2544.0116772257234,True
2025-10-20,3749.9,3853.810322959604,3711.286275078054,3987.081678813715,2546.6601030391025,True
2025-10-27,3367.5,3344.6292150795916,3196.371644658783,3482.678248379605,2341.9391206040505,True
2025-11-03,4016.3,4250.7687243329165,4094.8755535905425,4397.297725456755,2830.937796127385,True
2025-11-10,3571.0,3588.1179475073504,3433.8595147901083,3736.287671967006,2625.1643628164256,True
2025-11-17,3513.8,3699.543253254919,3526.653624657569,3867.5615789782387,2631.4320005146556,True
2025-11-24,4438.7,4590.5958985714815,4342.937092682708,4802.680811187076,2549.568052430447,True
2025-12-01,3523.0,3494.809857856085,3304.4984432007595,3649.4625990647237,2688.4907041860924,True
2025-12-08,3538.5,3550.875349154047,3414.967817418336,3688.0198449646796,2699.5767077706046,True
2025-12-15,3553.5,3519.337511374188,3388.1261985083615,3649.049816125058,2705.6748429357212,True
2025-12-22,3262.2,3325.058529678558,3203.1854716065004,3449.201241502877,2507.2547472313922,True
