parametro,canal,media,lo,hi,sd,verdade
decay,google_search,0.6841624771961032,0.45443076660980025,0.9118240203765073,0.13908060604185643,0.2
decay,meta,0.5074554071477753,0.12076830209572524,0.8573445286933765,0.22238247099181566,0.45
decay,tiktok,0.3075837884430153,0.042173246219989455,0.6533771025005561,0.18778861450735387,0.5
decay,youtube,0.42750487042444124,0.03906884892929361,0.9251623449871581,0.2782496651246555,0.65
decay,afiliados,0.2815860405523912,0.015130247442574065,0.7695430739556088,0.23465848329138192,0.15
decay,display_programatico,0.5341210648970708,0.07901661210378373,0.9601063879449473,0.2808648668377692,0.4
ec,google_search,1.3809570080853524,0.545562994245625,2.396407770188283,0.5685722583954256,1.0
ec,meta,1.2298684509548126,0.3863406404965282,2.3204803639801446,0.5900153436966749,1.2
ec,tiktok,1.264882899932872,0.3976754882427545,2.3605933510355,0.5916796528954915,0.9
ec,youtube,0.8470878984989465,0.15506165177177483,1.9704849050403983,0.5695787402825182,1.4
ec,afiliados,1.0444252021778728,0.19470214536545755,2.1993886466419914,0.6212398701039438,0.8
ec,display_programatico,0.9360877916999504,0.16245819130465072,2.052702802327713,0.5989541929900551,0.7
slope,google_search,1.0,1.0,1.0,0.0,1.6
slope,meta,1.0,1.0,1.0,0.0,1.4
slope,tiktok,1.0,1.0,1.0,0.0,2.0
slope,youtube,1.0,1.0,1.0,0.0,1.3
slope,afiliados,1.0,1.0,1.0,0.0,1.1
slope,display_programatico,1.0,1.0,1.0,0.0,1.2
roi,google_search,24.888918989123535,14.088849240731811,38.27531397276164,7.792821028452043,7.716467914803872
roi,meta,6.247733954731618,3.231469900068313,10.132345742326232,2.2111632634529963,5.013661630689919
roi,tiktok,7.550863239082171,3.015784445947096,12.823785422581672,3.092255862855164,10.887197665429872
roi,youtube,4.141063583140338,1.134120913281646,9.29209995047312,2.6725039461475824,8.512150582764441
roi,afiliados,4.010768248620026,1.2084448718046787,8.10749289871022,2.2543149388153627,12.608878634709198
roi,display_programatico,4.592457145691256,1.3517609963664872,9.625553383842941,2.7760685089689523,5.930605418055285
beta,google_search,4.929221919551009,2.779185310955251,7.30288647999102,1.3733362672652505,
beta,meta,1.444358835862645,0.7394187928116268,2.346360649893923,0.507159945807458,
beta,tiktok,0.4568564367765224,0.17996016528024883,0.7661605131196142,0.18404484293516654,
beta,youtube,0.16158210242890708,0.04548028191559224,0.3478980479648874,0.09427994670030267,
beta,afiliados,0.36745791233230485,0.09081579134225432,0.7843341347996937,0.21563996862214413,
beta,display_programatico,0.24601422763748196,0.07195481217316071,0.5098227462399982,0.13891005478450044,
